,teamName,teamId,win,gameNumber,duration,isTiebreaker,isPlayoff,kills,deaths,assists,totalDamageDealt,magicDamageDealt,physicalDamageDealt,trueDamageDealt,totalDamageDealtToChampions,magicDamageDealtToChampions,physicalDamageDealtToChampions,trueDamageDealtToChampions,totalHeal,totalUnitsHealed,damageSelfMitigated,damageDealtToObjectives,damageDealtToTurrets,visionScore,timeCCingOthers,totalDamageTaken,magicalDamageTaken,physicalDamageTaken,trueDamageTaken,goldEarned,goldSpent,totalMinionsKilled,neutralMinionsKilled,neutralMinionsKilledTeamJungle,neutralMinionsKilledEnemyJungle,totalTimeCrowdControlDealt,champLevel,visionWardsBoughtInGame,sightWardsBoughtInGame,wardsPlaced,wardsKilled,creepsPerMinDeltas.10-20,creepsPerMinDeltas.0-10,xpPerMinDeltas.10-20,xpPerMinDeltas.0-10,goldPerMinDeltas.10-20,goldPerMinDeltas.0-10,damageTakenPerMinDeltas.10-20,damageTakenPerMinDeltas.0-10,firstBlood,firstTower,firstInhibitor,firstBaron,firstDragon,firstRiftHerald,towerKills,inhibitorKills,baronKills,dragonKills,riftHeraldKills
1,Team Liquid,Blue,TRUE,1,1687,FALSE,FALSE,11,1,36,708188,302673,362304,43205,45826,19846,24798,1178,28375,12,62596,64940,27019,224,79,51026,17070,33861,92,59283,51933,869,196,124,32,1978,72,36,0,114,32,34.6,29.3,2456.3,1854.1,2264.2,1347,1965.3,1159.8,TRUE,TRUE,TRUE,TRUE,FALSE,TRUE,10,1,1,2,1
2,Team Solo Mid,Red,FALSE,1,1687,FALSE,FALSE,1,11,2,619399,262003,334845,22548,27569,13277,14197,92,16985,12,61794,16861,4003,221,67,65697,21694,42822,1178,47020,44225,951,149,100,4,2146,66,24,0,95,38,38.5,30.9,2233.6,1870.3,1751.5,1325.5,2677.9,1359.2,FALSE,FALSE,FALSE,FALSE,TRUE,FALSE,2,0,0,2,0
3,100 Thieves,Blue,TRUE,2,3873,FALSE,FALSE,9,7,27,1805377,787419,894810,123143,112531,64901,38983,8643,63161,18,425821,131105,24951,609,123,226866,94183,116006,16673,120533,112358,1938,320,199,38,3506,90,37,0,245,144,38.2,29,2319.7,1922.3,1862.8,1263.7,1557.1,1584.7,TRUE,FALSE,FALSE,TRUE,TRUE,FALSE,11,3,3,5,0
4,OpTic Gaming,Red,FALSE,2,3873,FALSE,FALSE,7,9,17,1987680,948174,823923,215576,187337,90147,80510,16674,53251,17,204169,90917,12236,570,604,158810,70935,79227,8643,114382,101760,1718,362,238,29,7713,90,45,0,300,101,33.8,27.8,2244.2,1967.1,1904.1,1374.8,1962,1219.2,FALSE,TRUE,TRUE,FALSE,FALSE,TRUE,7,1,2,1,1
5,Clutch Gaming,Blue,TRUE,3,2343,FALSE,FALSE,7,2,18,1225506,525247,622599,77651,62825,31514,29559,1749,21867,11,73316,97763,28490,340,138,61185,30989,29637,555,81559,74178,1329,254,114,69,2891,86,43,0,174,88,36.9,29.2,2324.3,1978.5,1989.9,1385,1362,1245.5,TRUE,TRUE,TRUE,TRUE,FALSE,TRUE,11,3,2,3,1
6,Golden Guardians,Red,FALSE,3,2343,FALSE,FALSE,2,7,7,958976,583822,342701,32450,40670,28412,11700,555,52151,15,89996,9963,0,354,38,92332,35095,55488,1749,65824,62535,1367,165,113,20,1255,83,43,0,195,77,37.4,30.2,2342.9,1850.2,1701.4,1300,2289.9,1456.4,FALSE,FALSE,FALSE,FALSE,TRUE,FALSE,0,0,0,1,0
7,Echo Fox,Blue,TRUE,4,1743,FALSE,FALSE,15,2,40,884746,330834,379826,174083,69084,34864,31753,2462,48716,10,79436,65790,20993,260,63,73688,24992,44809,3886,62823,53900,997,214,132,26,1888,75,36,0,110,67,37.1,31.3,2453,1940.5,2165.3,1412.1,1641.2,1657.8,TRUE,TRUE,TRUE,TRUE,FALSE,TRUE,9,1,1,2,1
8,FlyQuest,Red,FALSE,4,1743,FALSE,FALSE,2,15,7,542992,205778,295978,41232,38835,20633,15213,2987,23578,12,79678,9417,783,210,87,84350,36040,46745,1564,45725,44333,882,139,110,0,5516,66,26,0,119,32,34.7,27.5,2042.3,1828.5,1590.7,1249.4,2265.6,1492.9,FALSE,FALSE,FALSE,FALSE,TRUE,FALSE,0,0,0,1,0
9,Counter Logic Gaming,Blue,FALSE,5,2076,FALSE,FALSE,8,12,19,855026,321531,353901,179589,55584,33869,20618,1094,30345,16,97065,12075,5103,308,151,87096,34038,49436,3618,59235,57285,1061,191,142,22,3189,75,41,0,153,69,37.3,27.3,2293.9,1822.7,1823.2,1338,1846.3,1603.2,TRUE,TRUE,FALSE,FALSE,FALSE,FALSE,3,0,0,1,0
10,Cloud9,Red,TRUE,5,2076,FALSE,FALSE,12,8,34,925622,392476,497332,35811,67438,31994,31823,3619,23940,17,82624,49256,23057,338,108,81527,36999,43428,1094,66913,55833,1059,185,123,9,2878,80,39,0,168,70,37,26.4,2527.6,1779.6,1872.2,1247.7,2387.3,1506.7,FALSE,FALSE,TRUE,TRUE,TRUE,FALSE,8,1,1,2,0
11,OpTic Gaming,Blue,FALSE,6,2208,FALSE,FALSE,6,13,15,897921,417019,296931,183968,46005,30221,13945,1835,13955,13,107098,19854,4712,369,77,71633,25006,45901,724,60290,56745,1087,199,146,1,3401,77,35,0,206,61,32.9,28.9,2128.5,1808.3,1787.5,1325,1931.8,1093.6,TRUE,FALSE,FALSE,FALSE,FALSE,FALSE,2,0,0,2,0
12,Team Liquid,Red,TRUE,6,2208,FALSE,FALSE,13,6,45,921147,371916,520025,29205,51861,22810,28323,724,23551,11,95846,57290,22284,341,149,83052,34989,46227,1835,72299,64625,1239,223,146,22,3686,82,45,0,137,118,38.2,29.7,2281.6,1886,2077.6,1287.6,2008.8,1327,FALSE,TRUE,TRUE,TRUE,TRUE,FALSE,8,1,1,2,0
13,FlyQuest,Blue,TRUE,7,3031,FALSE,FALSE,14,9,42,1504662,548552,750421,205684,85208,41541,42290,1372,71828,15,194182,115449,26854,433,118,146501,83894,52265,10337,99233,89550,1527,332,190,48,4697,90,39,0,179,95,37.1,32,2250.2,1934.7,1720.8,1346,1975.4,1477.3,FALSE,FALSE,TRUE,TRUE,FALSE,TRUE,10,4,4,2,1
14,Team Solo Mid,Red,FALSE,7,3031,FALSE,FALSE,9,14,23,1601803,840584,522804,238409,112713,78497,24376,9834,40464,13,154590,44616,11349,436,177,123323,46638,75812,870,91805,94000,1593,258,197,20,4382,89,41,0,237,70,38.6,30.6,2447.5,1964.5,1930.7,1341,1695.1,1602.7,TRUE,TRUE,FALSE,FALSE,TRUE,FALSE,4,0,0,3,0
15,100 Thieves,Blue,TRUE,8,2099,FALSE,FALSE,14,3,35,877077,326579,491481,59012,88672,46304,41663,703,28447,13,114795,76809,22719,331,153,90546,29982,57124,3435,70448,58595,1152,204,122,27,3603,80,39,0,164,78,41.4,29.4,2294,1928.3,1887.1,1389,1326.3,1508.3,TRUE,TRUE,TRUE,TRUE,TRUE,FALSE,9,1,1,4,0
16,Counter Logic Gaming,Red,FALSE,8,2099,FALSE,FALSE,3,14,9,794963,308411,453250,33299,56134,26039,26654,3435,32279,14,86477,10135,5387,313,94,106156,48948,56500,703,55690,52108,1005,150,120,3,2224,75,39,0,154,77,35.2,26.7,2321.1,1858.4,1657.8,1313.5,1473.5,1521.8,FALSE,FALSE,FALSE,FALSE,FALSE,FALSE,1,0,0,0,0
17,Golden Guardians,Blue,FALSE,9,2297,FALSE,FALSE,9,16,16,1242371,316347,576906,349110,91109,41714,43276,6115,34366,13,119857,18552,3552,324,134,131876,66157,62822,2892,65321,61468,1161,178,150,1,2244,80,43,0,181,71,31.5,29.7,2193.3,1882.7,1764,1303.3,3137.3,1156.3,TRUE,FALSE,FALSE,FALSE,FALSE,TRUE,2,0,0,0,1
18,Cloud9,Red,TRUE,9,2297,FALSE,FALSE,16,9,47,1272404,598806,486272,187321,111526,62992,45637,2892,35827,11,112526,62220,27021,392,72,119774,43750,67906,8113,80844,64750,1301,236,156,33,1369,86,41,0,177,84,35.4,29.7,2312.9,1928.4,2023.3,1306.8,2673.7,1660.8,FALSE,TRUE,TRUE,TRUE,TRUE,FALSE,11,2,1,2,0
19,Echo Fox,Blue,TRUE,10,1980,FALSE,FALSE,9,4,23,1007368,372511,448908,185946,67683,36903,28648,2130,53625,13,84757,74248,25083,286,112,93756,37236,54174,2344,69103,59768,1087,226,119,42,2750,81,39,0,131,68,38,30.5,2416.3,1956.1,1953.2,1539.6,2188.7,1464.1,TRUE,TRUE,TRUE,TRUE,FALSE,TRUE,11,4,2,2,1
20,Clutch Gaming,Red,FALSE,10,1980,FALSE,FALSE,4,9,9,731615,400927,294380,36303,52608,33989,17130,1485,21188,12,104480,20698,4072,269,104,87145,40858,44702,1581,53435,51275,1021,169,125,9,3583,75,40,0,152,45,36.7,25.9,2356.8,1767.1,1798.2,1200.2,2390.3,1742.8,FALSE,FALSE,FALSE,FALSE,TRUE,FALSE,1,0,0,2,0
21,Clutch Gaming,Blue,TRUE,11,1872,FALSE,FALSE,20,6,53,738387,330535,386892,20956,68099,41191,23517,3388,38555,14,60896,62871,22576,290,133,88511,34518,50519,3469,64892,54768,899,156,98,12,2174,77,35,0,116,73,34.6,24.2,2359.3,1851.7,1947.4,1339.4,2894.6,2047.1,FALSE,FALSE,TRUE,TRUE,TRUE,FALSE,9,2,1,3,0
22,Counter Logic Gaming,Red,FALSE,11,1872,FALSE,FALSE,6,20,8,810717,270970,352561,187182,63543,31091,29379,3068,34572,11,61231,17731,3401,262,65,93560,43435,47134,2988,53065,50900,913,172,112,36,2292,69,37,0,143,38,34.1,28.7,2102.8,1869,1840.8,1444.9,2739,2234.4,TRUE,TRUE,FALSE,FALSE,FALSE,TRUE,2,0,0,0,1
23,Team Solo Mid,Blue,TRUE,12,3759,FALSE,FALSE,11,8,31,2252091,851235,1318068,82780,208039,109709,86939,11387,39375,12,140767,71923,25368,603,173,122530,56143,64990,1393,121538,111876,1940,352,248,43,5144,90,56,0,301,121,40,31.2,2296.6,1947.5,1937.7,1424.1,1753.5,1229.3,FALSE,TRUE,TRUE,FALSE,FALSE,FALSE,11,3,0,3,0
24,OpTic Gaming,Red,FALSE,12,3759,FALSE,FALSE,8,11,21,1758040,851601,847139,59292,90120,53248,35476,1394,47983,20,313283,102669,22866,596,138,243167,115137,116640,11386,109138,99775,1750,345,234,18,5815,90,88,0,271,142,36.4,28.4,2310.4,1910.6,1727.3,1262.6,2149.8,1581.2,TRUE,FALSE,FALSE,TRUE,TRUE,FALSE,7,0,3,3,0
25,Cloud9,Blue,FALSE,13,2771,FALSE,FALSE,17,26,41,1381381,526850,713143,141382,124192,51847,70227,2113,30611,12,171872,40787,12414,510,130,153707,63188,86151,4366,86517,82375,1372,289,194,24,2092,88,49,0,245,91,35.9,29.5,2260.2,1901.6,1825.4,1419.5,2069.9,1839,TRUE,TRUE,FALSE,TRUE,TRUE,TRUE,5,0,1,2,1
26,Echo Fox,Red,TRUE,13,2771,FALSE,FALSE,26,17,82,1382082,495397,696669,190014,123409,60337,58704,4365,69200,12,187670,111589,27990,471,177,170173,61909,106148,2113,91470,85160,1313,269,184,21,9831,89,57,0,247,95,36.3,25.5,2276.9,1794,1705.5,1325.1,1905.1,1742.1,FALSE,FALSE,TRUE,FALSE,FALSE,FALSE,9,2,1,3,0
27,100 Thieves,Blue,TRUE,14,2775,FALSE,FALSE,13,5,35,1328873,698121,557547,73199,81878,51308,27423,3144,25852,16,158511,78413,28496,484,126,109330,56158,49802,3367,92359,80100,1598,267,152,40,4192,87,42,0,219,144,37,27.3,2136.2,1837.9,1759.5,1363.4,1388.5,1248.1,TRUE,FALSE,TRUE,FALSE,TRUE,TRUE,11,5,1,2,1
28,Team Liquid,Red,FALSE,14,2775,FALSE,FALSE,5,13,17,1513399,855125,467195,191075,75545,53297,18879,3367,64886,13,143923,67069,13754,518,73,117310,55312,58852,3144,85617,79510,1518,223,161,16,2645,87,66,0,275,105,34.3,27.7,2063.6,1841.5,1677.8,1417.7,1311.4,1275.3,FALSE,TRUE,FALSE,TRUE,FALSE,FALSE,5,0,1,3,0
29,Golden Guardians,Blue,FALSE,15,2867,FALSE,FALSE,15,15,49,1161212,419505,540581,201121,137276,74797,51664,10809,64771,16,232508,87824,21431,528,281,157692,74462,81358,1868,82417,81025,1157,282,193,15,5447,86,65,0,256,108,32.8,29.2,2077.6,1831,1890.9,1263.9,2286.6,1483.6,TRUE,TRUE,TRUE,TRUE,FALSE,FALSE,7,2,2,1,0
30,FlyQuest,Red,TRUE,15,2867,FALSE,FALSE,15,15,49,1559518,708900,477264,373348,120163,69115,48432,2614,81393,13,252055,77381,18867,455,266,182940,80442,90940,11555,89540,77720,1445,231,182,10,5102,89,45,0,237,104,33.8,30.1,2019.8,1869.5,1644,1306.7,2432.6,1666.4,FALSE,FALSE,FALSE,FALSE,TRUE,FALSE,8,1,1,4,0
31,Echo Fox,Blue,TRUE,16,3342,FALSE,FALSE,24,16,79,2554463,981939,1154960,417559,190119,96152,72081,21880,142950,16,290727,83382,15478,503,232,229156,102879,111134,15139,113120,103783,1750,327,229,27,4285,90,43,0,243,112,34.2,29.8,2210.5,1935.3,1783,1322.7,2569.4,1631.7,FALSE,FALSE,FALSE,FALSE,TRUE,FALSE,7,1,2,2,0
32,Team Solo Mid,Red,FALSE,16,3342,FALSE,FALSE,16,24,38,1579992,847768,543403,188814,180634,97157,69572,13898,82432,13,285883,92475,18596,534,247,229302,100385,108200,20712,104997,106053,1465,301,192,27,7607,90,47,0,247,78,37.4,30.8,2345,1947.5,2067.3,1424.5,1772.1,1517.4,TRUE,TRUE,TRUE,TRUE,FALSE,TRUE,10,5,2,3,1
33,Cloud9,Blue,TRUE,17,2440,FALSE,FALSE,16,7,42,1160202,394840,660546,104811,96246,37292,43553,15396,39076,15,142032,98888,25223,449,108,122527,46759,71667,4096,85496,75758,1235,314,168,67,3357,87,38,0,209,89,36.8,29.6,2296.9,1999.9,1995.8,1417.5,2402.9,1544.1,TRUE,TRUE,TRUE,TRUE,TRUE,TRUE,11,4,3,2,1
34,100 Thieves,Red,FALSE,17,2440,FALSE,FALSE,7,16,16,1093404,437042,487281,169076,80261,42214,34091,3952,37802,12,116525,18436,36,342,195,123216,40234,66649,16330,66826,63375,1331,154,129,0,4431,85,50,0,192,86,33.2,28.4,2122.9,1878.2,1658,1318.2,2184.8,1742,FALSE,FALSE,FALSE,FALSE,FALSE,FALSE,0,0,0,1,0
35,OpTic Gaming,Blue,TRUE,18,2298,FALSE,FALSE,16,7,29,1244265,435951,491401,316907,92261,47914,41738,2609,36947,12,98872,97784,26235,400,122,93746,34875,56112,2756,77140,73775,1083,252,151,23,2802,86,36,0,181,58,29.1,29,2065.9,1853.9,1758,1296.5,2656,1746.9,TRUE,FALSE,TRUE,TRUE,FALSE,TRUE,11,3,2,4,1
36,FlyQuest,Red,FALSE,18,2298,FALSE,FALSE,7,16,20,834468,374190,442282,17991,58268,30765,26745,756,18411,13,103012,17316,4078,293,111,115368,50271,62484,2609,63562,60450,1114,211,164,10,3629,80,24,0,176,68,31.9,30.7,2145,1966.2,1781.2,1309.7,2589.8,1189.7,FALSE,TRUE,FALSE,FALSE,TRUE,FALSE,3,0,0,1,0
37,Golden Guardians,Blue,FALSE,19,2555,FALSE,FALSE,6,14,21,1373401,395225,620123,358048,99700,51209,45497,2990,63178,12,158499,45880,8495,369,148,154337,65433,78743,10157,77162,71800,1327,188,124,22,4736,84,49,0,207,59,34.1,29.8,2082.3,1824.1,1911,1305.1,2877,1563.7,FALSE,TRUE,FALSE,FALSE,FALSE,TRUE,5,0,1,2,1
38,Counter Logic Gaming,Red,TRUE,19,2555,FALSE,FALSE,14,6,39,1392727,631187,689689,71845,120651,61616,48656,10373,84746,15,150717,80612,28833,357,127,139303,56281,79813,3208,85790,76433,1344,259,166,35,2274,87,34,0,155,95,31.1,28.4,1971.3,1848.1,1529.3,1328.3,2570.6,1959.9,TRUE,FALSE,TRUE,TRUE,TRUE,FALSE,10,3,1,3,0
39,Team Liquid,Blue,TRUE,20,1657,FALSE,FALSE,12,2,30,689999,294363,358259,37372,47370,24846,21439,1082,25272,13,47288,58787,29637,266,79,48465,14440,33880,144,60480,49133,935,167,99,30,1672,73,35,0,110,53,38.1,28.1,2518.3,1878.9,2128.6,1414.7,1943.3,1571.3,TRUE,TRUE,TRUE,TRUE,TRUE,FALSE,9,2,1,2,0
40,Clutch Gaming,Red,FALSE,20,1657,FALSE,FALSE,2,12,2,758173,248244,332289,177637,26113,11293,14673,144,12802,8,50150,14401,1669,213,65,64449,25583,37781,1082,47110,44600,947,144,87,16,1973,66,40,0,111,43,37.6,30.1,2323.2,1857.1,1821.8,1311.8,2070,1587.8,FALSE,FALSE,FALSE,FALSE,FALSE,TRUE,2,0,0,0,1
41,Counter Logic Gaming,Blue,TRUE,21,2373,FALSE,FALSE,13,9,36,1017753,341174,531523,145051,83338,40556,38813,3968,39126,13,111095,86193,28241,355,129,127435,55439,67822,4170,74423,65275,1137,245,167,25,3965,85,52,0,175,53,33.2,27.7,2135.4,1911.7,1649.7,1266.5,2447.8,1877.1,FALSE,TRUE,TRUE,TRUE,TRUE,FALSE,10,1,1,4,0
42,Echo Fox,Red,FALSE,21,2373,FALSE,FALSE,9,13,20,1399367,545307,502328,351729,82151,49080,28897,4172,34866,11,94929,41144,4347,309,114,114496,44076,66450,3966,68426,65108,1153,211,165,4,2247,83,40,0,155,58,30.4,26.7,2009,1894.2,1565.3,1381.3,2879.9,1534.2,TRUE,FALSE,FALSE,FALSE,FALSE,TRUE,4,0,1,1,1
43,Cloud9,Blue,TRUE,22,2158,FALSE,FALSE,12,5,33,1030284,395658,455117,179503,72485,35875,34372,2235,32003,10,96170,78462,22614,318,148,96103,28304,66078,1716,68733,59550,1117,220,137,25,2879,82,40,0,171,68,33.2,30.1,2138.6,1996.8,1678.7,1287.4,2346.3,1455.8,FALSE,TRUE,TRUE,TRUE,TRUE,TRUE,10,1,1,3,1
44,OpTic Gaming,Red,FALSE,22,2158,FALSE,FALSE,5,12,12,741619,245827,402457,93332,56211,24894,29597,1716,24488,7,98017,25303,2384,338,76,99451,38332,58880,2235,54525,51810,1035,180,138,0,3113,76,44,0,159,76,31.1,30.2,2005.7,1939.8,1490,1289.8,2516.6,1445.2,TRUE,FALSE,FALSE,FALSE,FALSE,FALSE,1,0,0,1,0
45,Clutch Gaming,Blue,FALSE,23,2892,FALSE,FALSE,8,8,22,1206828,401036,748496,57294,92955,33944,55162,3846,25722,12,181437,51837,13249,445,112,125528,49732,73374,2419,83594,81305,1472,271,175,27,3351,87,61,0,231,116,36,30.5,2266.1,1930.2,1692.5,1331.1,1903.3,1155.5,FALSE,FALSE,FALSE,TRUE,FALSE,FALSE,7,0,1,1,0
46,100 Thieves,Red,TRUE,23,2892,FALSE,FALSE,8,8,28,1498700,526392,653483,318820,90001,46088,41490,2419,30719,9,119679,73414,22183,480,134,126923,37927,85147,3846,83343,75600,1402,257,181,10,4637,87,65,0,246,109,32.4,29.3,2050.8,2030.2,1543.8,1358.8,2444.9,1480.4,TRUE,TRUE,TRUE,FALSE,TRUE,TRUE,11,2,1,3,1
47,FlyQuest,Blue,FALSE,24,1654,FALSE,FALSE,3,17,8,516223,137695,362091,16435,41988,16858,24572,557,13102,9,65486,3973,0,188,85,70323,33937,35157,1228,41511,39050,787,126,103,0,1655,67,24,0,116,29,30.1,27.2,2000.2,1924.5,1470,1243,2205.9,1448.4,FALSE,FALSE,FALSE,FALSE,FALSE,FALSE,0,0,0,0,0
48,Team Liquid,Red,TRUE,24,1654,FALSE,FALSE,17,3,38,683323,339425,310283,33610,52990,32750,19009,1228,20259,11,73760,68028,23750,249,81,67469,20106,46804,557,59446,54183,877,239,136,34,2913,75,38,0,106,59,35.1,28.7,2584.3,1990.2,2254.4,1342,1946.3,1527.7,TRUE,TRUE,TRUE,TRUE,TRUE,TRUE,9,2,1,3,1
49,Team Solo Mid,Blue,TRUE,25,1951,FALSE,FALSE,8,0,19,1100925,387972,510465,202484,43753,22073,19129,2547,17534,11,52047,70377,26003,324,36,56955,23194,33538,222,67004,58683,1123,249,143,29,2760,80,38,0,161,51,40.1,30,2557.8,1979.4,2129.3,1459.4,1399.6,1435.6,TRUE,TRUE,TRUE,TRUE,TRUE,TRUE,10,2,1,3,1
50,Golden Guardians,Red,FALSE,25,1951,FALSE,FALSE,0,8,0,724625,354692,357717,12212,31389,18601,12305,479,29364,9,39654,6262,4280,245,49,66966,24430,39706,2828,51412,49933,1069,151,134,0,2981,75,44,0,128,61,34.6,28.7,2167,1893.6,1487.4,1269.4,1437.1,1797,FALSE,FALSE,FALSE,FALSE,FALSE,FALSE,2,0,0,0,0
51,Echo Fox,Blue,TRUE,26,2445,FALSE,FALSE,16,7,44,1272594,418157,644674,209760,66973,32872,30889,3207,71987,11,107177,107101,21078,380,141,111707,51299,55218,5187,81566,74875,1158,356,186,74,7726,87,35,0,140,75,34.5,31.1,2505.5,1979.4,2279.4,1307.7,2464.8,1527.8,TRUE,TRUE,TRUE,TRUE,TRUE,TRUE,11,3,2,4,1
52,OpTic Gaming,Red,FALSE,26,2445,FALSE,FALSE,7,16,19,1060517,524370,345659,190484,66498,45289,16343,4859,28873,10,102851,13351,630,309,79,93265,34730,55554,2980,62415,59960,1123,178,136,0,2880,83,46,0,188,31,28.6,27.3,1826.5,1965,1358.8,1244.6,2525.5,1722.9,FALSE,FALSE,FALSE,FALSE,FALSE,FALSE,0,0,1,1,0
53,100 Thieves,Blue,FALSE,27,2470,FALSE,FALSE,5,13,12,1103113,661143,258350,183616,60752,46419,12358,1974,52329,10,110636,18686,5369,354,51,114210,46818,62180,5210,67716,65720,1226,202,177,0,1746,81,47,0,173,81,33.6,28.3,2129.7,1933.9,1704.6,1401,2028,1455.8,TRUE,FALSE,FALSE,FALSE,FALSE,TRUE,4,0,0,0,1
54,Team Solo Mid,Red,TRUE,27,2470,FALSE,FALSE,13,5,30,1289899,440660,650385,198849,87551,44370,37968,5210,43669,9,98442,92866,23488,355,113,96042,49659,44406,1974,79914,73808,1212,287,183,14,3338,86,46,0,186,70,36.6,29.7,2435.8,1902.6,1935.9,1330.8,1678.8,1414.5,FALSE,TRUE,TRUE,TRUE,TRUE,FALSE,9,2,2,5,0
55,Golden Guardians,Blue,FALSE,28,1588,FALSE,FALSE,1,12,3,645918,188972,273718,183223,35123,18292,13599,3229,14573,9,58860,13807,2588,199,77,67376,32812,34562,0,39142,36600,801,128,106,0,2087,64,36,0,128,41,29.5,29.2,1947.9,1956,1446.6,1270.6,3305.4,1521.1,FALSE,FALSE,FALSE,FALSE,FALSE,FALSE,0,0,0,0,0
56,Team Liquid,Red,TRUE,28,1588,FALSE,FALSE,12,1,33,641268,387397,225940,27926,46556,30872,15681,0,42072,11,53897,61130,21760,277,70,60892,21582,35620,3686,54565,44300,895,181,116,22,2952,73,34,0,134,65,34,30,2550.9,1981.6,2225.7,1292.8,2771.1,1384.6,TRUE,TRUE,TRUE,TRUE,TRUE,TRUE,8,1,1,2,1
57,Clutch Gaming,Blue,FALSE,29,2794,FALSE,FALSE,7,7,16,1416488,576938,775408,64136,123681,65532,51204,6943,48333,11,125907,28086,3658,388,149,108609,48466,55632,4510,76824,71548,1503,189,156,1,5369,87,70,0,196,97,37.6,28.1,2477.5,1892.2,1803.8,1285.4,1423.6,1664.3,FALSE,FALSE,FALSE,FALSE,FALSE,FALSE,2,0,0,2,0
58,Cloud9,Red,TRUE,29,2794,FALSE,FALSE,7,7,13,1395883,645259,681312,69305,84845,45585,34746,4510,54636,11,206751,110383,24288,509,154,171674,72025,92702,6943,89587,77975,1435,373,163,99,11850,87,53,0,231,89,35.7,29.4,2418.9,1994.1,1995.7,1408.3,2413.3,1699.2,TRUE,TRUE,TRUE,TRUE,TRUE,TRUE,10,3,3,3,1
59,Counter Logic Gaming,Blue,TRUE,30,2617,FALSE,FALSE,16,7,54,1451923,469311,773600,209003,126559,64830,53477,8249,56851,15,166555,80807,27546,437,127,144494,54902,87124,2465,85892,76083,1179,278,166,33,3717,88,43,0,206,81,31.5,27.8,2363.6,1907.8,2036.3,1324.6,2701.9,1296.5,TRUE,TRUE,TRUE,TRUE,TRUE,FALSE,11,3,2,4,0
60,FlyQuest,Red,FALSE,30,2617,FALSE,FALSE,7,16,16,1070891,495421,533042,42427,107231,50904,53859,2465,33152,13,132588,16990,3766,341,168,148720,68337,72131,8249,70046,67720,1295,234,172,13,4704,85,46,0,157,92,33.3,28.2,2161.8,1890.6,1666.9,1221.1,2596.5,1337.7,FALSE,FALSE,FALSE,FALSE,FALSE,FALSE,3,0,0,1,0
61,Team Solo Mid,Blue,FALSE,31,3272,FALSE,FALSE,11,12,32,1603201,659026,889285,54885,108705,50929,53645,4128,35161,14,173858,81482,18086,488,144,155036,68928,79529,6578,97255,99600,1547,331,222,38,4649,88,49,0,203,84,36.2,29.6,2406.1,1835.2,1929.5,1388.9,1083.1,930.3,TRUE,TRUE,TRUE,TRUE,FALSE,TRUE,8,2,2,1,1
62,Clutch Gaming,Red,TRUE,31,3272,FALSE,FALSE,12,11,38,2036667,697732,1097713,241219,122613,62700,53332,6578,39244,12,169501,80439,25196,503,98,138427,53764,78533,6127,102844,96549,1672,313,215,12,4940,90,62,0,217,73,38.3,25.2,2314.3,1764.4,1720.4,1257.5,1300,1523.2,FALSE,FALSE,FALSE,FALSE,TRUE,FALSE,8,1,2,4,0
63,Team Liquid,Blue,FALSE,32,1810,FALSE,FALSE,2,12,5,727773,326146,365611,36012,54726,30877,22537,1310,25816,12,66950,8719,3882,213,69,99903,53332,45255,1314,47347,44283,914,152,112,3,2817,70,32,0,110,34,33,27.8,2183.4,1949.3,1671.3,1312.8,3056.2,1427.5,FALSE,FALSE,FALSE,FALSE,FALSE,FALSE,0,0,0,0,0
64,Cloud9,Red,TRUE,32,1810,FALSE,FALSE,12,2,22,819710,465931,320448,33327,79215,51386,26513,1314,61283,11,79941,79009,29437,259,52,93763,35294,53156,5310,62547,56833,954,228,142,35,2530,78,35,0,111,46,36.2,30.9,2336.3,2038.7,1838.6,1398.5,3067.1,1633.7,TRUE,TRUE,TRUE,TRUE,TRUE,TRUE,11,2,1,4,1
65,OpTic Gaming,Blue,TRUE,33,2105,FALSE,FALSE,13,7,32,1027694,371647,455430,200611,85215,43517,37818,3878,23916,10,118788,70580,30685,321,115,106267,42329,60625,3309,66511,62050,912,249,130,57,3019,81,42,0,164,48,29.4,25.5,2055.8,1702,1611.8,1154.7,2249.8,1464.3,FALSE,FALSE,TRUE,TRUE,TRUE,FALSE,11,3,2,2,0
66,Counter Logic Gaming,Red,FALSE,33,2105,FALSE,FALSE,7,13,16,870125,322101,380662,167356,72212,36721,32179,3310,21256,11,87750,25977,7751,253,113,107327,43936,59512,3878,56623,54508,1041,134,95,8,2887,76,42,0,126,67,31.1,27.1,2041.9,1825.9,1680.8,1277.2,2006.3,1634.9,TRUE,TRUE,FALSE,FALSE,FALSE,TRUE,3,0,0,1,1
67,100 Thieves,Blue,FALSE,34,2091,FALSE,FALSE,2,12,3,1128607,378572,418532,331502,47035,19916,27056,60,19137,9,104892,26154,5170,266,87,82276,20890,59317,2064,56718,54145,1071,198,121,23,2741,75,45,0,127,58,34.6,28.5,2120.3,1969.3,1749,1291,2292.9,1430,TRUE,TRUE,FALSE,FALSE,FALSE,TRUE,4,0,0,1,1
68,FlyQuest,Red,TRUE,34,2091,FALSE,FALSE,12,2,42,1199647,273289,743531,182821,64477,20080,42330,2064,34232,12,97445,83099,24534,322,99,83068,24854,58150,60,70769,62341,1065,242,143,37,2218,83,37,0,160,54,30,27.6,2274.6,1909.5,1772.8,1346.1,2300.7,1582.6,FALSE,FALSE,TRUE,TRUE,TRUE,FALSE,8,1,2,3,0
69,Echo Fox,Blue,TRUE,35,2044,FALSE,FALSE,14,13,34,1275620,570695,295877,409043,85716,53583,28936,3195,55949,16,70633,72771,26075,304,100,98292,35332,55594,7363,67026,60458,1026,218,116,39,1961,80,34,0,134,60,33.9,30.3,2228.5,1901.3,1921.1,1422.7,2841,1349.6,TRUE,TRUE,TRUE,TRUE,TRUE,TRUE,10,2,1,3,1
70,Golden Guardians,Red,FALSE,35,2044,FALSE,FALSE,13,14,40,709362,296771,356597,55989,59289,31964,23957,3365,24111,10,108830,17576,6069,270,86,110775,56885,50694,3192,57023,54208,1001,157,122,5,1475,77,43,0,172,36,33.4,23.7,2334.7,1716.3,1718.8,1123.3,2616.7,1673,FALSE,FALSE,FALSE,FALSE,FALSE,FALSE,2,0,0,1,0
71,Cloud9,Blue,TRUE,36,2341,FALSE,FALSE,13,8,37,1070991,600328,429921,40738,91970,59983,29900,2085,65707,10,129690,78996,22038,315,68,118220,41723,70935,5561,72303,62225,1187,280,169,38,1921,85,45,0,135,89,35.3,29.5,2232.9,1962.5,1779,1333.3,2466.5,1621.2,FALSE,FALSE,TRUE,FALSE,TRUE,TRUE,8,1,1,2,1
72,FlyQuest,Red,FALSE,36,2341,FALSE,FALSE,8,13,16,1175999,307330,671198,197467,92051,37613,48874,5561,36661,15,102937,46951,13355,383,99,121241,64289,54864,2085,68358,65141,1096,210,149,20,3544,81,49,0,198,57,32.1,28.1,2263.5,1892.2,1931.4,1343.5,2115.3,1646.6,TRUE,TRUE,FALSE,TRUE,FALSE,FALSE,4,0,1,2,0
73,100 Thieves,Blue,FALSE,37,2236,FALSE,FALSE,5,11,13,772650,372162,368390,32095,62239,36185,21609,4440,20355,12,107724,21537,2070,282,117,84492,24063,55855,4568,57372,53800,1109,156,116,11,4457,80,44,0,141,69,33.7,28.2,2139,1897.8,1612,1380.6,2041.4,1560,FALSE,FALSE,FALSE,FALSE,FALSE,FALSE,1,0,0,1,0
74,Golden Guardians,Red,TRUE,37,2236,FALSE,FALSE,11,5,28,1252885,287161,583135,382583,63066,22086,36407,4570,36528,12,111268,82707,19322,359,79,96935,41516,50972,4442,73073,66763,1068,274,149,60,2911,84,49,0,192,55,33.8,28,2274,1877.4,1926,1370.5,2461.1,1715.6,TRUE,TRUE,TRUE,TRUE,TRUE,TRUE,10,2,3,3,1
75,Team Solo Mid,Blue,TRUE,38,1878,FALSE,FALSE,13,5,43,840340,264131,526152,50055,74600,26317,44048,4233,33025,14,56422,65388,26286,253,59,74048,17855,50438,5750,66571,58941,975,194,134,8,2287,79,29,0,122,47,36.8,28,2448.5,1912.6,2058,1343.7,2616.1,1162.7,FALSE,TRUE,TRUE,TRUE,FALSE,TRUE,11,3,1,2,1
76,Counter Logic Gaming,Red,FALSE,38,1878,FALSE,FALSE,5,13,10,777364,215838,446541,114979,44489,15309,24426,4750,35058,11,77194,12758,6046,268,49,100447,28509,67702,4234,51244,49170,938,189,140,10,2185,73,32,0,129,37,32.4,29,2268.5,1991.5,1733.2,1345.1,3103.8,1549.1,TRUE,FALSE,FALSE,FALSE,TRUE,FALSE,2,0,0,1,0
77,Team Liquid,Blue,FALSE,39,2575,FALSE,FALSE,7,15,19,1254500,529296,547532,177668,83627,44533,36732,2357,31336,18,146719,53585,12820,395,148,124430,46841,73051,4532,73831,73525,1315,243,163,21,3718,85,63,0,184,67,33.2,27.4,2106.1,1828.1,1689.9,1304.3,3588.6,1449.2,TRUE,TRUE,FALSE,TRUE,TRUE,FALSE,5,0,1,3,0
78,Echo Fox,Red,TRUE,39,2575,FALSE,FALSE,15,7,44,1502481,416952,880708,204819,93416,43879,44998,4535,77356,13,123425,77623,26425,372,148,122397,49495,70539,2357,83370,77033,1301,267,177,27,10913,87,40,0,155,82,31.5,27.3,2582.5,1801.5,2162.4,1249.4,2970.1,1810.3,FALSE,FALSE,TRUE,FALSE,FALSE,FALSE,8,1,2,2,0
79,OpTic Gaming,Blue,FALSE,40,1881,FALSE,FALSE,6,11,18,615352,208765,340115,66470,43998,25757,17010,1227,16238,11,102181,29386,8856,250,105,84954,23811,59902,1240,49142,47808,843,178,111,22,2890,69,32,0,118,51,31.8,26.2,2179.2,1913.6,1807.7,1399.2,1834.2,1653.5,TRUE,TRUE,FALSE,FALSE,FALSE,TRUE,3,0,0,1,1
80,Clutch Gaming,Red,TRUE,40,1881,FALSE,FALSE,11,6,38,720244,220011,460773,39456,60147,21438,37464,1240,28912,10,64007,57991,18384,306,108,76550,31176,44142,1227,59551,52050,945,194,130,17,6199,77,45,0,165,46,35.7,29,2184,1808,1639.3,1246,2198.3,1432,FALSE,FALSE,TRUE,TRUE,TRUE,FALSE,7,1,2,2,0
81,Counter Logic Gaming,Blue,FALSE,41,2562,FALSE,FALSE,7,8,19,1195159,517015,475647,202493,60586,26023,31376,3186,42773,12,78836,11688,1645,402,97,101057,43039,50869,7144,68206,66650,1323,230,189,0,4009,85,70,0,199,99,36.2,29.4,2251.6,1930.3,1557.1,1308.4,1240.9,1231.4,TRUE,FALSE,FALSE,FALSE,FALSE,FALSE,1,0,0,0,0
82,Team Liquid,Red,TRUE,41,2562,FALSE,FALSE,8,7,11,1366947,423620,689065,254258,69245,37915,25032,6295,39281,10,103383,108192,25547,498,92,100751,29527,68673,2547,81204,72121,1364,325,202,19,2010,88,47,0,251,94,35,30.1,2189,2004.1,1719.5,1311.8,1970,1301.1,FALSE,TRUE,TRUE,TRUE,TRUE,TRUE,10,2,2,5,1
83,Echo Fox,Blue,TRUE,42,2079,FALSE,FALSE,11,6,21,1247151,358746,543544,344854,72312,43111,25974,3224,22718,10,94534,91344,27967,314,88,94255,32104,61720,429,68158,62300,1027,250,139,34,1749,82,34,0,159,45,35.5,29.6,2344.2,1919.3,1706.6,1257.7,1799.1,1181.6,FALSE,TRUE,TRUE,TRUE,FALSE,TRUE,11,4,2,3,1
84,100 Thieves,Red,FALSE,42,2079,FALSE,FALSE,6,11,18,945925,291169,487458,167294,59681,28893,30357,429,18916,8,65544,16047,6397,256,141,93426,45303,44897,3222,56046,53445,1061,150,112,4,3272,77,35,0,117,60,34.5,28.6,2352.8,1928.3,1686.5,1267.2,1996.5,1105.4,TRUE,FALSE,FALSE,FALSE,TRUE,FALSE,3,0,0,1,0
85,Cloud9,Blue,TRUE,43,1978,FALSE,FALSE,14,5,40,807554,284879,473597,49076,69017,29414,38054,1546,27117,11,85687,79965,30420,269,105,88033,42581,43815,1632,66529,60820,979,214,132,29,3840,81,37,0,124,45,36.8,30.1,2261.7,2035.7,1765.4,1429.3,1842.6,1633.2,FALSE,TRUE,TRUE,TRUE,FALSE,TRUE,11,3,2,1,1
86,Team Solo Mid,Red,FALSE,43,1978,FALSE,FALSE,5,14,9,903810,408103,295503,200203,55456,38210,15609,1634,17356,9,100974,30845,5798,253,85,88304,30798,55958,1546,52177,49425,978,181,125,10,3960,73,20,0,129,32,36.8,28.3,2407.5,1901.2,1756.1,1346.7,1499,1573.5,TRUE,FALSE,FALSE,FALSE,TRUE,FALSE,2,0,0,3,0
87,Clutch Gaming,Blue,TRUE,44,2252,FALSE,FALSE,10,2,30,923628,446320,426326,50978,58827,38768,19948,108,19419,14,137263,73125,26336,343,119,74477,28069,44175,2232,73007,63525,1193,260,157,33,6386,84,49,0,141,94,36.8,31.4,2304,1993.2,1765.7,1354,2034.7,1087.4,FALSE,TRUE,TRUE,TRUE,TRUE,FALSE,10,2,2,2,0
88,FlyQuest,Red,FALSE,44,2252,FALSE,FALSE,2,10,5,956175,278312,502016,175844,52897,24810,25852,2232,27148,6,69569,13099,5905,347,128,86243,40385,45746,108,58558,55450,1073,184,143,5,3240,78,43,0,207,71,34.9,27.9,2337.6,1857.9,1860.1,1287.4,2310.2,1228.1,TRUE,FALSE,FALSE,FALSE,FALSE,FALSE,2,0,0,1,0
89,OpTic Gaming,Blue,TRUE,45,2274,FALSE,FALSE,15,6,30,1037202,458854,529313,49032,74122,39249,32589,2282,20286,13,92772,113505,25432,389,97,77773,33377,41788,2602,75456,68795,1088,286,159,31,3524,85,47,0,194,83,31.2,27.8,2099.6,1922.6,1828.4,1358.8,1981.8,1307.1,TRUE,TRUE,TRUE,TRUE,TRUE,TRUE,10,2,2,5,1
90,Golden Guardians,Red,FALSE,45,2274,FALSE,FALSE,6,15,14,914955,262115,448283,204551,47651,28996,16050,2603,20243,13,83648,7940,4672,382,81,98435,41263,54887,2282,59271,55793,1095,179,141,7,2808,77,48,0,215,82,32,27.6,2187.8,1828.7,1734.8,1220.3,1865.1,1670,FALSE,FALSE,FALSE,FALSE,FALSE,FALSE,2,0,0,0,0
91,Clutch Gaming,Blue,TRUE,46,2443,FALSE,FALSE,10,1,20,1422387,461050,716941,244391,67050,25640,34520,6887,28889,11,98544,120668,28829,386,105,76562,27702,48046,810,81088,70088,1278,289,158,36,2197,88,49,0,151,76,32.4,27.4,2225.9,1909.2,1719.4,1299.3,1277.6,1328.3,FALSE,TRUE,TRUE,TRUE,TRUE,TRUE,11,2,2,4,1
92,Team Solo Mid,Red,FALSE,46,2443,FALSE,FALSE,1,10,1,1049762,505428,506028,38302,47674,23881,22980,810,21787,10,79274,14832,2144,332,68,91999,28693,56415,6887,65181,61375,1337,219,159,8,2980,82,57,0,168,66,35.2,28.3,2204.6,1909.2,1569.9,1308.5,1829.3,1535.6,TRUE,FALSE,FALSE,FALSE,FALSE,FALSE,1,0,0,1,0
93,Golden Guardians,Blue,TRUE,47,2917,FALSE,FALSE,18,10,52,1495773,542716,687963,265090,106490,56667,42058,7762,29286,15,198529,132459,25275,520,215,117207,55515,59002,2687,97983,86780,1462,349,183,56,7079,89,52,0,229,125,33.2,28.9,2208.4,1882.7,1761,1281.2,1754.2,1277.1,FALSE,FALSE,TRUE,TRUE,TRUE,TRUE,11,4,3,5,1
94,Team Liquid,Red,FALSE,47,2917,FALSE,FALSE,10,18,31,1342205,801772,503092,37341,89184,51243,35250,2687,40484,11,208381,18171,14987,456,144,133939,58959,67214,7761,83942,79663,1528,221,168,9,6990,88,74,0,263,104,34,29.8,2206.3,1855.2,1798.6,1276.6,1762,1352.3,TRUE,TRUE,FALSE,FALSE,FALSE,FALSE,6,0,0,0,0
95,Echo Fox,Blue,TRUE,48,1988,FALSE,FALSE,16,6,27,1254520,260665,631122,362727,71497,32504,34274,4716,47992,11,95491,59539,20950,301,65,115372,35593,77987,1788,65822,54243,1067,200,122,30,3178,79,23,0,137,68,36.3,27.2,2607.8,1886.5,2192.1,1307.7,3697.9,2400,TRUE,FALSE,TRUE,FALSE,TRUE,TRUE,9,1,0,3,1
96,Cloud9,Red,FALSE,48,1988,FALSE,FALSE,6,16,16,771835,266060,475166,30605,76450,31925,42733,1788,18133,11,70200,22791,8068,273,72,94011,35422,53871,4714,56807,55575,1012,176,119,25,2731,77,39,0,157,47,31.6,28.1,2091.9,1871.7,1671.8,1261,3013.4,1768.1,FALSE,TRUE,FALSE,TRUE,FALSE,FALSE,3,0,1,0,0
97,100 Thieves,Blue,TRUE,49,3173,FALSE,FALSE,15,14,43,1546848,827127,531397,188316,154153,84864,66657,2628,56369,12,234188,67591,18237,591,148,179714,85159,88685,5866,94619,92470,1377,274,180,37,5066,90,70,0,263,110,34.7,26.9,2360.4,1937.3,1738.6,1245.5,1956.8,1163.7,FALSE,TRUE,TRUE,TRUE,TRUE,FALSE,10,2,3,2,0
98,Counter Logic Gaming,Red,FALSE,49,3173,FALSE,FALSE,14,15,39,1480066,663966,757193,58907,157603,82555,69177,5867,58899,12,211177,59411,9220,461,135,194871,89216,103022,2626,90462,85561,1576,261,193,14,3918,89,76,0,243,110,36.5,28.8,2214.4,1937.5,1582,1326.3,2220.4,1656.1,TRUE,FALSE,FALSE,FALSE,FALSE,FALSE,5,0,1,2,0
99,FlyQuest,Blue,TRUE,50,2971,FALSE,FALSE,11,15,33,1591021,655262,879846,55910,94672,51205,38203,5261,30842,11,143353,106426,28841,497,200,110804,49250,60031,1518,96313,85650,1479,381,194,107,4953,89,45,0,242,120,32.4,27.6,2146.8,1860.9,1714.5,1392.8,1839.4,1318.7,FALSE,TRUE,TRUE,TRUE,FALSE,TRUE,10,3,2,3,1
100,OpTic Gaming,Red,FALSE,50,2971,FALSE,FALSE,15,11,28,1339913,713824,556578,69509,76194,45067,29605,1520,35753,11,168202,56926,23732,444,133,121727,53684,62779,5260,87208,79470,1512,197,134,9,7891,87,79,0,248,122,32.8,26.3,2199.5,1867,1741,1256,1682.7,1525.5,TRUE,FALSE,FALSE,FALSE,TRUE,FALSE,7,1,1,3,0
101,100 Thieves,Blue,TRUE,51,1691,FALSE,FALSE,16,2,45,642686,231623,368907,42152,61537,33583,25835,2114,21823,12,80022,70852,32780,243,100,66527,17609,47529,1388,58671,47783,805,144,84,12,2005,74,30,0,136,34,31.5,27,2392.9,1985.6,1946.5,1372.3,1942.7,1667.2,FALSE,TRUE,TRUE,TRUE,TRUE,FALSE,11,3,1,3,0
102,Cloud9,Red,FALSE,51,1691,FALSE,FALSE,2,16,6,719400,230693,337975,150729,43125,15948,26787,388,14906,12,54908,17000,2422,196,74,83553,36119,45318,2112,44967,42208,866,164,118,16,2144,67,31,0,94,43,35.8,29.4,2254,1982,1725.3,1369.6,2373,1528.2,TRUE,FALSE,FALSE,FALSE,FALSE,TRUE,2,0,0,0,1
103,Counter Logic Gaming,Blue,FALSE,52,2874,FALSE,FALSE,5,11,15,1107143,411091,629046,67002,108770,54518,42300,11948,58848,11,165837,76147,20164,450,156,147104,60467,80093,6541,76845,73625,1225,230,176,8,4811,87,63,0,209,113,32.1,26.4,2142.8,1851.4,1705.7,1303.5,2342.6,1648.6,FALSE,TRUE,FALSE,FALSE,FALSE,TRUE,7,0,1,1,1
104,Clutch Gaming,Red,TRUE,52,2874,FALSE,FALSE,11,5,28,1284641,677755,554603,52279,107031,57800,43085,6141,45178,14,177022,79525,20548,552,137,136163,58057,66554,11549,87673,83718,1401,303,177,21,6893,88,67,0,275,95,37.3,26.2,2424.1,1874.2,1815,1315,1316.3,1376.3,TRUE,FALSE,TRUE,TRUE,TRUE,FALSE,9,1,2,5,0
105,Team Solo Mid,Blue,TRUE,53,2232,FALSE,FALSE,18,7,44,1157750,294745,625096,237905,89495,37726,46513,5253,28875,8,91045,85820,25080,317,80,101169,35631,62510,3024,74335,69116,1148,260,161,34,1630,85,35,0,176,39,35.9,27.7,2537.7,1896.8,1998.8,1248.6,2485.6,1900.9,FALSE,TRUE,TRUE,TRUE,TRUE,TRUE,9,1,1,3,1
106,Echo Fox,Red,FALSE,53,2232,FALSE,FALSE,7,18,4,1043605,387678,475934,179990,60171,30690,26453,3025,55509,9,92841,25987,3312,303,60,122944,44040,73648,5252,62593,60678,1109,219,162,8,2042,82,35,0,124,77,33.5,27.5,2194.7,1984.7,1692.2,1374.2,2927.9,1406.9,TRUE,FALSE,FALSE,FALSE,FALSE,FALSE,2,0,1,0,0
107,Golden Guardians,Blue,FALSE,54,2040,FALSE,FALSE,2,12,5,987605,315216,358626,313759,39269,21674,17109,483,15430,10,78338,30779,4025,267,111,73638,30474,39636,3524,53235,50820,1018,184,134,15,3334,72,39,0,157,42,34.8,28,2235.5,1843.8,1816.2,1245,1679.4,1609.7,FALSE,FALSE,FALSE,FALSE,TRUE,TRUE,3,0,0,2,1
108,OpTic Gaming,Red,TRUE,54,2040,FALSE,FALSE,12,2,32,842145,378259,403946,59932,51417,28086,19803,3525,21686,12,68913,75971,28550,299,72,70324,26210,43627,481,65896,53808,1021,228,140,13,2575,80,46,0,144,60,31.9,27.8,2031.4,1965.2,1721.1,1341,1579.9,1590.4,TRUE,TRUE,TRUE,TRUE,FALSE,FALSE,9,1,2,1,0
109,Team Liquid,Blue,TRUE,55,1801,FALSE,FALSE,11,7,30,684393,280424,364095,39869,72813,37307,32991,2510,13577,11,60278,56057,19497,275,85,67876,22272,44221,1381,57184,52185,952,179,119,18,2374,76,39,0,145,53,37.3,28.3,2367.3,1880.1,1812.5,1254.3,1667.7,1463.8,FALSE,TRUE,TRUE,TRUE,TRUE,TRUE,7,1,1,2,1
110,FlyQuest,Red,FALSE,55,1801,FALSE,FALSE,7,11,19,762229,254260,316647,191319,41947,19291,20612,2039,35183,13,78220,10050,5536,226,73,98193,39854,55166,3170,48396,46633,921,158,129,0,1886,70,30,0,129,53,34.2,27.8,2206.7,1902.6,1605.3,1295.5,2542.1,2011.1,TRUE,FALSE,FALSE,FALSE,FALSE,FALSE,1,0,0,0,0
111,OpTic Gaming,Blue,FALSE,56,2069,FALSE,FALSE,2,14,2,794895,320490,401176,73226,36787,19218,15877,1690,19611,12,76113,22378,9831,276,52,81165,30386,50149,629,54272,53253,1060,175,122,4,1236,75,40,0,127,62,30.2,26.8,1980.1,1918.5,1605.3,1236.2,2191,1555.8,FALSE,FALSE,FALSE,FALSE,FALSE,TRUE,3,0,0,0,1
112,Team Solo Mid,Red,TRUE,56,2069,FALSE,FALSE,14,2,34,1269710,307708,640869,321127,60317,27868,31819,629,27588,11,65202,79927,24283,329,88,76473,24675,49106,2690,72232,63950,1177,263,140,56,3430,84,44,0,168,52,36,29.5,2394.4,1907.8,1959.5,1319.7,2304.9,1619.3,TRUE,TRUE,TRUE,TRUE,TRUE,FALSE,9,1,2,4,0
113,FlyQuest,Blue,FALSE,57,2214,FALSE,FALSE,6,13,16,1160229,466812,475821,217592,75132,47715,20407,7008,26205,27,63909,22674,10233,294,144,82998,23715,58399,882,59487,57618,1053,208,141,24,1160,80,37,0,179,63,30,25.7,1946.9,1965.9,1701.8,1368.2,1639.8,1472.2,FALSE,TRUE,FALSE,FALSE,FALSE,TRUE,3,0,0,0,1
114,100 Thieves,Red,TRUE,57,2214,FALSE,FALSE,13,6,31,1047863,388108,472013,187735,54261,21570,31806,882,23575,10,73640,99110,32126,324,59,102731,51127,44594,7006,69610,64970,987,225,115,42,1985,84,54,0,178,74,32.9,27.5,2218.9,1843.5,1762.7,1314.2,1672.7,2082,TRUE,FALSE,TRUE,TRUE,TRUE,FALSE,11,5,3,4,0
115,Echo Fox,Blue,TRUE,58,1365,FALSE,FALSE,11,4,33,799381,172094,293520,333761,41043,17722,22952,368,12408,7,44670,37929,20832,139,82,51713,16437,33951,1322,45786,38125,702,143,91,20,1472,64,18,0,69,31,31.8,30.7,2232.9,1878.5,1963.4,1293.8,2237.6,1406.3,FALSE,TRUE,TRUE,TRUE,TRUE,FALSE,7,1,1,1,0
116,Team Liquid,Red,FALSE,58,1365,FALSE,FALSE,4,11,7,513367,106442,224585,182336,29798,13364,15106,1323,17634,11,51183,12707,0,157,69,61329,20389,40568,368,34761,33058,621,135,93,8,808,58,24,0,88,18,29.2,27.4,2123.6,1883.6,1599,1301.4,2879,1618.8,TRUE,FALSE,FALSE,FALSE,FALSE,TRUE,0,0,0,0,1
117,Counter Logic Gaming,Blue,FALSE,59,1893,FALSE,FALSE,8,15,20,1060451,181339,396653,482454,64217,27594,31756,4862,27849,15,95287,39519,6335,222,141,115868,56806,57762,1296,52287,50670,878,162,112,4,2507,73,37,0,112,49,34.2,26.4,2122.4,1843.6,1608,1280,2307.7,1814.8,FALSE,FALSE,FALSE,FALSE,TRUE,FALSE,3,0,0,3,0
118,Golden Guardians,Red,TRUE,59,1893,FALSE,FALSE,15,8,36,828233,292059,348180,187992,90643,53881,35462,1296,28576,12,108387,50591,16934,268,140,93193,30357,57972,4861,59400,51050,859,190,112,36,2594,78,33,0,141,32,34.8,27.4,2386.5,1880,1910.7,1264.6,1999.2,1588.9,TRUE,TRUE,TRUE,TRUE,FALSE,TRUE,7,1,2,0,1
119,Cloud9,Blue,TRUE,60,1486,FALSE,FALSE,12,4,26,733052,219039,317168,196840,34012,16949,16611,450,12205,9,41861,60338,24126,221,42,64907,25657,38610,636,52013,41630,782,175,81,47,2199,68,31,0,116,52,33.5,28.1,2316.2,2026,2140.9,1532.8,2442.2,1937,TRUE,TRUE,TRUE,TRUE,TRUE,TRUE,9,1,1,2,1
120,Clutch Gaming,Red,FALSE,60,1486,FALSE,FALSE,4,12,10,422970,205827,205977,11162,36238,22887,12714,636,8426,7,34821,3984,2031,195,78,48709,18050,30208,450,37318,35033,684,110,80,5,2175,61,33,0,119,35,30.4,25.7,2147.5,1794.7,1598.3,1216.8,1605.1,1776.6,FALSE,FALSE,FALSE,FALSE,FALSE,FALSE,0,0,0,0,0
121,Team Liquid,Blue,TRUE,61,1870,FALSE,FALSE,13,1,23,756226,199846,538377,18000,71631,29538,40357,1732,27165,10,73774,67494,23332,274,101,60991,23908,36731,349,61761,55245,885,230,116,56,2300,78,40,0,140,43,34.5,24.2,2509.6,1867.9,2096.2,1339.2,1363.6,1592.1,TRUE,TRUE,TRUE,TRUE,TRUE,FALSE,10,2,1,4,0
122,100 Thieves,Red,FALSE,61,1870,FALSE,FALSE,1,13,2,598184,354171,210270,33740,28962,19356,9252,349,25460,11,77121,15177,3559,157,51,89446,31308,56404,1731,44871,42358,868,132,95,9,2710,69,27,0,93,44,32.6,23.8,2135.7,1787.7,1596.7,1139.1,1972.7,1893.9,FALSE,FALSE,FALSE,FALSE,FALSE,TRUE,2,0,0,0,1
123,Team Solo Mid,Blue,TRUE,62,1955,FALSE,FALSE,11,4,36,919293,304309,429507,185472,63678,28461,26572,8643,18188,11,58095,74372,21864,263,83,75935,27965,45231,2736,65421,58466,958,231,138,31,2286,80,43,0,126,47,33.4,28,2218.4,1863.4,1824.7,1257.4,1561.1,1623.5,FALSE,FALSE,TRUE,TRUE,FALSE,TRUE,11,4,2,3,1
124,FlyQuest,Red,FALSE,62,1955,FALSE,FALSE,4,11,10,721483,368844,269185,83450,38545,24194,11612,2737,23422,6,71422,19857,2984,211,133,89819,30355,50817,8643,50212,48400,934,153,113,4,1931,72,37,0,118,36,33.4,25.2,2085.1,1878.2,1617.7,1331.2,1955.6,1564.8,TRUE,TRUE,FALSE,FALSE,TRUE,FALSE,1,0,0,1,0
125,Counter Logic Gaming,Blue,TRUE,63,2683,FALSE,FALSE,18,15,52,1162674,567784,417850,177035,100372,47132,45449,7788,58862,12,173109,57264,13107,307,177,148937,63506,79772,5656,81639,69575,1208,210,173,0,3522,90,60,0,171,60,31.3,26.4,2092.4,1818.9,1494,1239.2,2294.2,2232.6,FALSE,FALSE,FALSE,FALSE,FALSE,FALSE,9,2,1,3,0
126,Cloud9,Red,FALSE,63,2683,FALSE,FALSE,15,18,35,1462123,624537,536188,301395,111772,60055,46334,5378,47095,8,177145,64091,17221,366,181,145513,53236,84761,7513,82814,85515,1277,287,183,30,2481,88,46,0,175,49,37.8,29.5,2374.5,1914.3,1934.2,1337.6,2284.2,2093.7,TRUE,TRUE,TRUE,TRUE,TRUE,FALSE,8,1,2,2,0
127,Golden Guardians,Blue,TRUE,64,2226,FALSE,FALSE,24,12,58,1047445,472170,407159,168110,100426,42185,47644,10592,31597,11,104854,58507,29909,283,232,110779,61614,46780,2382,72958,68775,958,213,121,30,4185,82,56,0,158,22,32.6,23.4,2302,1737.5,1816,1419.5,1959.1,1984.7,TRUE,TRUE,TRUE,TRUE,TRUE,FALSE,10,3,1,2,0
128,Echo Fox,Red,FALSE,64,2226,FALSE,FALSE,12,24,31,974619,439798,338779,196040,86094,60054,22198,3838,65773,12,148449,41471,9271,219,185,132955,45326,75196,12428,62676,61625,1022,169,125,13,2730,80,34,0,125,38,32.6,25,2277.7,1759.4,1780.4,1344.7,2814.1,2230.2,FALSE,FALSE,FALSE,FALSE,FALSE,TRUE,4,0,1,1,1
129,Clutch Gaming,Blue,TRUE,65,1586,FALSE,FALSE,10,1,19,712499,293842,289676,128976,27729,16594,9931,1200,16520,15,51053,66528,25871,226,59,43852,16971,25709,1170,52996,45125,772,199,120,19,1842,70,27,0,104,47,32.4,26.8,2355.9,1906.4,2111.6,1349.7,1227.8,1591.3,TRUE,TRUE,TRUE,TRUE,TRUE,TRUE,9,2,1,3,1
130,OpTic Gaming,Red,FALSE,65,1586,FALSE,FALSE,1,10,3,465108,255251,186313,23541,23135,15444,6516,1170,11389,6,36392,7023,3724,177,81,45860,17969,26687,1199,38186,35550,706,123,101,0,2459,59,34,0,102,37,28.1,25.6,1929.2,1797.9,1451.6,1263.4,1422.7,1439.4,FALSE,FALSE,FALSE,FALSE,FALSE,FALSE,0,0,0,0,0
131,Counter Logic Gaming,Blue,TRUE,66,1746,FALSE,FALSE,15,3,46,797436,368165,265849,163415,54593,33404,16754,4432,21411,11,60855,72362,26790,279,110,64303,23407,40831,64,58752,53785,865,162,113,2,3526,75,35,0,152,56,34.2,26.3,2377.7,1931.5,1914.3,1367.4,1777.7,1608.9,TRUE,TRUE,TRUE,TRUE,TRUE,TRUE,10,2,1,3,1
132,Team Liquid,Red,FALSE,66,1746,FALSE,FALSE,3,15,7,676589,324240,321314,31032,36350,20606,15678,64,24328,10,71402,13382,7659,214,43,82203,36880,40886,4431,49454,48225,945,209,138,20,1689,70,48,0,128,68,36.7,29.3,2252.6,1907.7,1831.2,1281.3,2219.8,2027.3,FALSE,FALSE,FALSE,FALSE,FALSE,FALSE,3,0,0,0,0
133,OpTic Gaming,Blue,FALSE,67,2261,FALSE,FALSE,11,16,27,859523,363325,367213,128983,77795,45014,31012,1766,44841,17,124717,43645,5138,294,179,116473,44193,65009,7268,58579,55775,866,209,148,5,11850,75,54,0,156,60,29.2,24,2235.8,1830.3,1682.1,1330.1,2514.4,1692.6,TRUE,FALSE,FALSE,FALSE,FALSE,TRUE,3,0,0,0,1
134,Echo Fox,Red,TRUE,67,2261,FALSE,FALSE,16,11,38,1007517,392567,405729,209214,79791,38661,33858,7269,35148,10,131991,61774,18987,310,184,117201,48758,66674,1766,69230,60975,1029,224,140,36,3741,82,46,0,158,62,33.8,27.8,2364.5,1884.6,1792.8,1270.7,2412.5,1619.1,FALSE,TRUE,TRUE,TRUE,TRUE,FALSE,8,1,2,4,0
135,100 Thieves,Blue,TRUE,68,2783,FALSE,FALSE,14,8,48,1211601,465161,703104,43334,121629,47924,67109,6592,43107,12,219387,83840,25491,426,166,145873,62387,69879,13602,85688,77620,1242,266,159,35,5894,89,49,0,197,68,32.3,28.3,2252.9,1953.3,1807.5,1324.4,2068,1428.7,FALSE,TRUE,TRUE,TRUE,TRUE,FALSE,10,3,3,2,0
136,Team Solo Mid,Red,FALSE,68,2783,FALSE,FALSE,8,14,20,1422093,524970,640312,256806,119821,57970,47331,14518,68712,11,211530,54308,15004,307,105,166626,51247,107868,7509,79325,77341,1386,246,179,14,2263,85,56,0,182,64,34.8,28.3,2201.5,1893.5,1673.1,1252.7,2831.6,1686.2,TRUE,FALSE,FALSE,FALSE,FALSE,TRUE,6,0,0,2,1
137,Cloud9,Blue,TRUE,69,2287,FALSE,FALSE,17,10,53,1034973,475031,351240,208697,72640,46833,19535,6270,29542,11,115747,47238,16452,263,126,106233,47727,57163,1340,72461,66250,1071,249,151,31,3876,84,40,0,130,50,35.3,29.8,2203.2,1904.1,1789.6,1285.8,2268.5,1516.4,FALSE,TRUE,TRUE,TRUE,FALSE,TRUE,10,2,1,1,1
138,Golden Guardians,Red,FALSE,69,2287,FALSE,FALSE,10,17,25,840302,479307,338694,22296,67724,44329,22051,1340,32530,12,108853,46005,3227,224,154,108678,50454,51951,6269,59624,57025,1003,173,129,9,2445,80,44,0,144,40,33.2,24.2,2331.4,1873,1688.3,1285.8,2404.5,1641.6,TRUE,FALSE,FALSE,FALSE,TRUE,FALSE,1,0,1,3,0
139,FlyQuest,Blue,FALSE,70,2607,FALSE,FALSE,3,6,11,1223782,610588,372356,240833,110857,65299,29855,15698,53008,9,149489,32198,7303,255,159,129645,52490,64187,12965,70658,69280,1362,180,152,16,7325,84,46,0,138,40,37.1,29.6,2314.3,1891.5,1626.9,1281.8,1919.8,1387.1,TRUE,FALSE,FALSE,FALSE,FALSE,FALSE,6,0,0,1,0
140,Clutch Gaming,Red,TRUE,70,2607,FALSE,FALSE,6,3,20,1246653,625594,471698,149357,95934,50672,32292,12965,46526,12,175356,90262,19421,358,170,141505,69615,56188,15697,81588,72450,1293,290,144,36,3347,87,44,0,125,69,38.1,29.9,2268.1,1950.1,1599,1313.4,2216.1,1540,FALSE,TRUE,TRUE,TRUE,TRUE,TRUE,11,4,3,4,1
141,Clutch Gaming,Blue,TRUE,71,2429,FALSE,FALSE,9,5,27,1121362,558972,370002,192383,87523,42028,40162,5329,48281,13,133985,59779,18819,301,232,117899,49063,66684,2149,72172,61305,1073,192,141,12,2407,86,59,0,150,46,31,26.5,2099,1769.6,1576.1,1268.1,1920.3,1602.6,FALSE,FALSE,TRUE,TRUE,FALSE,FALSE,9,1,2,1,0
142,Echo Fox,Red,FALSE,71,2429,FALSE,FALSE,5,9,12,1094442,367292,523940,203207,86577,45452,38972,2149,41459,10,140471,49880,8306,317,155,123861,45304,73222,5329,65653,65125,1147,292,158,55,7582,81,37,0,132,64,33.5,27.1,2127.8,1895.5,1695,1324,2190.8,1471,TRUE,TRUE,FALSE,FALSE,TRUE,TRUE,4,0,0,3,1
143,FlyQuest,Blue,FALSE,72,3079,FALSE,FALSE,14,20,38,1464340,701404,613339,149591,108905,48311,51324,9265,79918,12,276166,88356,13543,401,190,204057,68878,120550,14625,93693,86950,1250,321,211,26,3104,90,48,0,166,81,28.9,26,2061.9,1833.7,1805.7,1292.4,2372.9,1813.5,TRUE,FALSE,TRUE,TRUE,FALSE,TRUE,9,6,3,2,1
144,Counter Logic Gaming,Red,TRUE,72,3079,FALSE,FALSE,20,14,60,1768634,811166,741348,216117,162219,64572,83920,13721,42570,8,249811,71283,17543,371,277,148855,50724,89766,8364,92659,84430,1490,241,188,0,5040,90,52,0,171,66,32.2,26.7,2196.5,1898.9,1791.2,1388.2,1872.6,1290.8,FALSE,TRUE,FALSE,FALSE,TRUE,FALSE,6,2,1,3,0
145,OpTic Gaming,Blue,FALSE,73,2656,FALSE,FALSE,5,16,9,989654,419618,509981,60052,64810,41598,21464,1742,28756,14,183719,46003,12620,346,92,144615,51137,86989,6484,71147,68225,1155,233,172,4,2492,83,46,0,164,70,34.9,28.4,2284.4,1985.9,1811.7,1334.7,2157.4,1825.9,TRUE,FALSE,FALSE,TRUE,FALSE,FALSE,6,0,2,1,0
146,Cloud9,Red,TRUE,73,2656,FALSE,FALSE,16,5,43,1532218,384502,949400,198312,116469,47189,62792,6485,37245,14,122082,100177,26959,367,129,92674,45676,45253,1741,83363,79108,1192,288,198,19,3951,87,53,0,179,69,30.2,27.5,2218.4,1965.4,1964.4,1434.2,1605.1,1461.5,FALSE,TRUE,TRUE,FALSE,TRUE,TRUE,8,2,1,4,1
147,Team Solo Mid,Blue,TRUE,74,1964,FALSE,FALSE,10,2,22,1188833,248347,612859,327623,68123,29212,33413,5495,19652,10,58752,50981,23374,273,78,64630,23482,38031,3112,65414,57816,1030,218,136,28,2242,78,44,0,156,57,37.9,29,2328.4,1966.3,1966.5,1439.2,1365.8,1421.9,FALSE,TRUE,TRUE,TRUE,FALSE,FALSE,9,1,1,2,0
148,Team Liquid,Red,FALSE,74,1964,FALSE,FALSE,2,10,5,816093,392733,238439,184917,28861,19217,8528,1113,27530,8,91265,31844,863,300,112,85503,31033,48970,5496,49791,46275,973,187,125,5,6901,72,47,0,163,60,36.5,26.6,2239.9,1905.8,1653.5,1316.8,1741.9,1717.1,TRUE,FALSE,FALSE,FALSE,TRUE,TRUE,1,0,0,2,1
149,100 Thieves,Blue,TRUE,75,1485,FALSE,FALSE,10,3,24,512160,253035,229105,30017,35523,20508,13427,1583,36735,9,41551,41395,17717,174,107,57584,17960,36055,3566,49606,41185,711,146,85,25,3158,67,31,0,84,28,31.9,26.7,2216.6,1950.3,2014.2,1392.9,1634,1498.1,TRUE,TRUE,TRUE,TRUE,TRUE,TRUE,9,2,1,2,1
150,Golden Guardians,Red,FALSE,75,1485,FALSE,FALSE,3,10,9,633820,157581,297757,178479,30780,15899,12953,1923,9374,7,46718,20668,5373,152,67,54498,22839,30715,941,39110,36975,726,134,86,16,2203,63,33,0,83,23,34.6,27.4,2261,1870.2,1693.7,1234.4,1702,1430.5,FALSE,FALSE,FALSE,FALSE,FALSE,FALSE,2,0,0,0,0
151,Echo Fox,Blue,FALSE,76,1862,FALSE,FALSE,6,19,18,950638,340454,408143,202037,61502,36455,19591,5454,33889,11,114226,25568,8666,179,104,107485,51585,50025,5871,53365,51875,976,191,136,16,2479,76,29,0,98,32,34.2,28.7,2375.3,1884.9,1715,1374.1,2830.4,1430.7,FALSE,TRUE,FALSE,FALSE,FALSE,FALSE,3,0,0,1,0
152,Counter Logic Gaming,Red,TRUE,76,1862,FALSE,FALSE,19,6,55,604714,340875,227105,36731,75943,48700,21367,5871,23744,7,96001,51988,18575,223,192,84854,40537,38860,5454,62670,55065,755,176,115,11,3390,78,37,0,109,26,34.3,24.6,2418,1865.7,1899.8,1279,1896,1273.7,TRUE,FALSE,TRUE,TRUE,TRUE,TRUE,11,5,2,1,1
153,FlyQuest,Blue,TRUE,77,2490,FALSE,FALSE,16,5,41,1197327,334027,779875,83421,94567,38035,50091,6438,44008,12,194610,77480,25185,316,115,130848,50009,79973,863,79780,66963,1258,231,153,18,4621,86,44,0,152,60,32.3,28.4,2061.3,1868.7,1525.5,1277.4,2735,1755.1,FALSE,FALSE,FALSE,TRUE,FALSE,FALSE,10,1,1,2,0
154,Golden Guardians,Red,FALSE,77,2490,FALSE,FALSE,5,16,10,1247945,423739,634859,189342,96119,45140,50112,863,38155,10,100630,36862,17415,338,110,130679,43104,81133,6438,70268,67558,1280,234,165,22,2621,83,43,0,166,65,36.1,28.5,2272.2,1909.9,1899.2,1356.1,2555.1,1684,TRUE,TRUE,TRUE,FALSE,TRUE,TRUE,6,1,0,2,1
155,Clutch Gaming,Blue,FALSE,78,1979,FALSE,FALSE,7,9,11,641314,312217,296065,33028,33722,18033,14029,1657,16424,10,88522,32215,8965,260,78,78241,31868,44004,2365,52604,50415,861,158,130,0,4345,71,42,0,145,49,27.7,26.1,2020.1,1961,1788.6,1315.7,2362.9,1567.8,FALSE,TRUE,FALSE,FALSE,FALSE,TRUE,4,0,0,0,1
156,Team Liquid,Red,TRUE,78,1979,FALSE,FALSE,9,7,26,990928,337103,470628,183190,58964,28855,27740,2366,17884,8,52395,64802,28869,277,157,60566,21970,36936,1657,62399,56210,961,217,143,15,3636,76,53,0,147,68,32.6,26.6,2235.5,1913.6,1919.9,1289.5,1688.8,1415.5,TRUE,FALSE,TRUE,TRUE,TRUE,FALSE,10,1,1,3,0
157,Cloud9,Blue,FALSE,79,2230,FALSE,FALSE,5,14,15,1085462,392865,515395,177201,47989,27710,19488,787,22417,9,78805,19016,8892,295,54,91668,46624,43858,1182,60354,57875,1093,267,175,35,1833,80,47,0,161,46,35.5,25.6,2288.4,1847.4,1703.1,1416.6,1830.9,1458.7,TRUE,TRUE,FALSE,FALSE,FALSE,FALSE,3,0,0,1,0
158,Team Solo Mid,Red,TRUE,79,2230,FALSE,FALSE,14,5,35,1121049,521564,305070,294413,59743,41318,17241,1183,25488,12,111394,82713,25309,292,131,77664,31459,45417,787,70072,64175,1082,179,118,7,4460,82,57,0,139,59,33.4,29.7,2136.3,1963.9,1789.6,1285.6,1075.9,1489.8,FALSE,FALSE,TRUE,TRUE,TRUE,TRUE,11,3,2,2,1
159,OpTic Gaming,Blue,FALSE,80,1620,FALSE,FALSE,2,14,4,637750,208663,266209,162877,36774,19070,15280,2421,13738,10,41647,2278,211,173,103,59654,26402,30179,3069,39896,37520,752,153,116,5,3606,64,33,0,99,34,32.2,26.1,2046.3,1792.6,1484.3,1215.4,1803.7,1555.7,FALSE,FALSE,FALSE,FALSE,FALSE,FALSE,0,0,0,0,0
160,100 Thieves,Red,TRUE,80,1620,FALSE,FALSE,14,2,29,761974,229241,279932,252797,42532,23474,14131,4924,39534,11,49520,63075,21383,189,63,72943,22706,42948,7284,53156,49425,763,150,94,19,1452,69,40,0,92,44,33,27.3,2178.4,1966.6,1973.1,1360,1912,1850.7,TRUE,TRUE,TRUE,TRUE,TRUE,TRUE,9,2,1,3,1
161,100 Thieves,Blue,TRUE,81,2039,FALSE,FALSE,12,5,34,1039066,405353,327634,306072,56055,35459,16279,4312,19758,9,82680,78846,25148,277,135,78982,26371,48992,3614,62708,56325,960,209,134,14,3732,77,44,0,125,55,34.2,27.4,2265.7,1969,1686.1,1315.7,2356.7,1271.5,TRUE,TRUE,TRUE,TRUE,FALSE,TRUE,10,2,1,3,1
162,Clutch Gaming,Red,FALSE,81,2039,FALSE,FALSE,5,12,10,874165,264601,423676,185886,46811,24297,19894,2615,20181,10,71503,31708,3573,214,116,82103,38553,39235,4310,53667,50435,1004,198,152,4,2785,75,41,0,120,48,34.1,28.5,2414,1947.2,1817.1,1263.9,2164.5,1354.9,FALSE,FALSE,FALSE,FALSE,TRUE,FALSE,2,0,0,2,0
163,FlyQuest,Blue,FALSE,82,2430,FALSE,FALSE,8,15,26,894318,466272,371276,56763,82601,63164,17164,2271,24077,15,164045,70279,7826,341,117,103931,59362,42634,1933,67974,64450,1125,251,179,11,4258,81,46,0,159,67,35.5,29.8,2230.9,1975.8,1775.3,1288.7,1912.8,1392.1,FALSE,FALSE,FALSE,TRUE,TRUE,TRUE,6,0,1,2,1
164,Echo Fox,Red,TRUE,82,2430,FALSE,FALSE,15,8,47,1048406,545805,467390,35205,81085,55287,23860,1933,53444,11,91787,78289,19742,303,268,116339,68705,45360,2269,73374,64605,1173,275,200,12,10451,86,35,0,149,71,35.2,29,2365.3,1938.1,1861.8,1264.3,2375.2,1670.3,TRUE,TRUE,TRUE,FALSE,FALSE,FALSE,7,1,1,3,0
165,Team Liquid,Blue,TRUE,83,1754,FALSE,FALSE,17,5,45,865144,307601,358458,199080,64050,32372,30837,839,15789,11,91722,52188,18347,243,122,62623,22127,36566,3925,57938,50750,897,201,117,26,2609,76,34,0,126,43,35.9,27.2,2454.4,1830.5,1907.3,1251.1,2220.2,1645.3,FALSE,FALSE,TRUE,TRUE,FALSE,FALSE,7,1,1,3,0
166,Cloud9,Red,FALSE,83,1754,FALSE,FALSE,5,17,9,728516,221256,323495,183762,44778,19487,21363,3924,18756,9,62705,35318,2631,194,100,86468,34157,51469,838,46118,44450,838,169,111,20,2564,67,36,0,110,37,33,27.1,2095.1,2007.5,1597.9,1444.8,2693.1,1862.4,TRUE,TRUE,FALSE,FALSE,TRUE,TRUE,2,0,0,1,1
167,Golden Guardians,Blue,FALSE,84,1718,FALSE,FALSE,1,10,3,881555,272326,300798,308428,31264,16304,14066,890,16204,9,50644,10338,3015,170,148,62436,28099,32367,1966,42471,39860,841,125,110,0,5697,69,36,0,103,30,33.8,27.3,2118.4,1920.6,1567,1215.2,1742.7,1283.5,FALSE,TRUE,FALSE,FALSE,FALSE,FALSE,1,0,0,0,0
168,Team Solo Mid,Red,TRUE,84,1718,FALSE,FALSE,10,1,16,987963,395085,271399,321474,41773,25467,14336,1967,23478,10,69391,64059,20329,223,99,55301,18575,35832,890,58115,51325,934,205,124,24,3190,73,31,0,109,30,33.8,30.9,2197.9,2009.3,1834.3,1424.9,1536.6,1361.6,TRUE,FALSE,TRUE,TRUE,TRUE,TRUE,11,3,1,3,1
169,Counter Logic Gaming,Blue,FALSE,85,1948,FALSE,FALSE,5,13,7,794141,277664,372932,143541,38646,15937,21657,1050,14780,10,72596,25137,4728,212,50,80773,29953,48143,2674,53466,51200,1015,179,140,9,2566,73,40,0,100,40,31.8,30.5,2057.7,1883.4,1711.8,1311.1,2074.2,1427.1,TRUE,TRUE,FALSE,FALSE,FALSE,TRUE,3,0,0,1,1
170,OpTic Gaming,Red,TRUE,85,1948,FALSE,FALSE,13,5,36,793986,219689,552894,21397,59189,27942,28570,2675,34749,7,57200,57053,24377,241,58,69921,18768,48100,3050,62702,56258,862,180,126,8,1599,78,46,0,120,39,28.8,23,1925.7,1838.5,1507.4,1289.1,2108.2,1297.4,FALSE,FALSE,TRUE,TRUE,TRUE,FALSE,11,3,1,2,0
171,Cloud9,Blue,FALSE,86,2324,FALSE,FALSE,8,17,26,1184736,392399,601678,190654,104821,55992,41749,7077,32396,11,130127,44631,7243,294,208,110879,38337,70342,2197,63533,60803,1050,215,151,18,10353,81,44,0,159,39,33,25.9,2294.1,1842.3,1841.9,1232.8,2187.6,1585.7,FALSE,TRUE,FALSE,FALSE,FALSE,FALSE,3,0,0,0,0
172,FlyQuest,Red,TRUE,86,2324,FALSE,FALSE,17,8,51,1079041,307949,579182,191904,86511,36655,47656,2197,41689,10,175318,75729,18797,257,180,138991,60269,71641,7077,72544,65875,1100,244,138,32,5955,85,31,0,123,58,34.1,29.5,2123.9,1874.7,1664.6,1292.1,2828.5,1683.6,TRUE,FALSE,TRUE,TRUE,TRUE,TRUE,8,2,2,4,1
173,Golden Guardians,Blue,FALSE,87,2434,FALSE,FALSE,15,18,40,998987,401405,576747,20829,131258,58677,67240,5336,31349,13,136794,25706,11317,295,203,139926,73615,56503,9803,67842,65360,1121,175,137,4,3496,84,49,0,187,47,32.5,23.4,2133.9,1747.6,1741.7,1152.9,2856.8,1420.3,FALSE,FALSE,FALSE,FALSE,TRUE,FALSE,2,0,0,1,0
174,Clutch Gaming,Red,TRUE,87,2434,FALSE,FALSE,18,15,52,1069003,648368,346899,73730,110570,71911,28492,10162,69446,21,214191,101302,20238,335,234,166167,62431,97906,5825,79658,72825,1104,242,148,17,4820,86,46,0,131,82,33.8,26.2,2341.4,1896.9,1920.1,1275.4,3039.6,1575.2,TRUE,TRUE,TRUE,TRUE,FALSE,TRUE,11,5,2,3,1
175,Counter Logic Gaming,Blue,FALSE,88,1871,FALSE,FALSE,5,18,6,683645,291380,294028,98234,60666,35094,24424,1147,23805,13,86712,17654,2239,200,124,95542,51232,42257,2049,46979,44460,847,172,134,4,2526,69,38,0,95,45,30.3,29.1,2012.1,1863.1,1541.1,1307.7,2699.4,1623.3,FALSE,FALSE,FALSE,FALSE,FALSE,FALSE,1,0,0,1,0
176,Team Solo Mid,Red,TRUE,88,1871,FALSE,FALSE,18,5,50,893187,394931,236306,261946,71214,48442,20718,2051,32350,9,95712,63326,19316,209,163,90060,36339,50571,3147,60910,55550,874,168,102,8,4012,74,38,0,129,29,32,27.4,2220.5,1896.5,2057.8,1300,2563.9,1830.4,TRUE,TRUE,TRUE,TRUE,TRUE,TRUE,10,2,1,3,1
177,100 Thieves,Blue,TRUE,89,3136,FALSE,FALSE,12,9,36,1747113,829172,598237,319700,116316,60421,51697,4193,80470,10,235729,111029,30615,430,184,212181,71782,116973,23421,93772,86580,1412,320,189,33,3299,89,52,0,170,63,35.8,26.5,2244.4,1939,1781.6,1272.9,2322.2,1956.7,TRUE,TRUE,TRUE,TRUE,TRUE,FALSE,9,2,4,3,0
178,Echo Fox,Red,FALSE,89,3136,FALSE,FALSE,9,12,23,1570799,630455,863775,76566,173687,65820,85303,22561,30171,7,161682,75162,7719,319,244,144133,62974,77823,3331,87967,90525,1492,274,202,25,4127,89,52,0,148,56,33.3,27.7,2248.9,1918,1778.1,1288,1706.9,1402.5,FALSE,FALSE,FALSE,FALSE,FALSE,TRUE,5,0,0,3,1
179,Team Liquid,Blue,TRUE,90,2157,FALSE,FALSE,18,10,40,1048958,342638,514985,191328,92567,38877,51854,1832,32903,8,114628,55172,21376,292,119,109821,55115,48472,6230,70446,60275,1114,219,147,12,3874,85,43,0,133,58,34.1,28.9,2228,1906.3,1783.8,1320.4,2127.3,1752.1,TRUE,TRUE,TRUE,TRUE,TRUE,FALSE,9,1,1,3,0
180,OpTic Gaming,Red,FALSE,90,2157,FALSE,FALSE,10,18,26,752261,378767,326095,47394,76314,50212,18995,7104,49918,10,100644,8436,936,266,97,117922,43469,71378,3072,55742,53188,964,201,165,0,2312,78,47,0,116,57,32.9,23.4,2338.7,1877.2,1645.4,1212,1866,1766,FALSE,FALSE,FALSE,FALSE,FALSE,FALSE,0,0,0,0,0
181,100 Thieves,Blue,TRUE,91,1614,TRUE,FALSE,16,7,41,857471,266550,292325,298592,52822,29330,22565,923,16931,10,74011,59049,16776,205,125,56289,17818,37421,1046,54625,45125,770,174,107,10,2361,71,30,0,93,37,31.8,25.6,2185.3,1828.8,1977,1339.6,2384.9,1445.3,TRUE,TRUE,TRUE,TRUE,TRUE,TRUE,9,2,1,3,1
182,Echo Fox,Red,FALSE,91,1614,TRUE,FALSE,7,16,12,508482,165021,324169,19285,38249,15778,21421,1046,15835,9,67146,11791,5223,139,189,73600,31613,41061,921,42041,40215,748,130,121,0,1191,65,26,0,85,26,30.4,25.1,2252.4,1778.2,1681.2,1247.7,2622,1866,FALSE,FALSE,FALSE,FALSE,FALSE,FALSE,2,0,0,0,0
183,Team Liquid,Blue,TRUE,92,2511,TRUE,FALSE,10,5,32,1387683,625143,547171,215363,98321,45864,36852,15600,35132,11,155126,70938,20765,403,245,104397,26793,76430,1172,80699,66230,1252,308,177,41,3429,88,54,0,177,64,33.5,27.5,2291.4,1923.8,1757,1288.1,1871.3,1365.5,FALSE,TRUE,TRUE,TRUE,FALSE,TRUE,11,3,1,4,1
184,Cloud9,Red,FALSE,92,2511,TRUE,FALSE,5,10,13,1010088,405413,579153,25521,69768,24346,43506,1914,51703,10,134742,34926,3050,248,104,128809,48263,63828,16715,66818,62575,1236,180,144,0,7922,85,47,0,126,68,32.4,27,2199.7,1867.9,1542.4,1275.1,1945.1,1552.6,TRUE,FALSE,FALSE,FALSE,TRUE,FALSE,3,0,0,1,0
185,Team Solo Mid,Blue,TRUE,93,2330,TRUE,FALSE,11,5,30,1381896,405886,769472,206532,80942,34216,41759,4961,22058,9,77150,83957,20290,338,115,67742,18993,46233,2516,77507,67066,1204,277,141,62,3684,85,55,0,184,62,36.2,27.9,2274.8,1959.1,1786.6,1425.8,2184.2,1196.5,TRUE,TRUE,TRUE,TRUE,FALSE,TRUE,9,1,2,3,1
186,Clutch Gaming,Red,FALSE,93,2330,TRUE,FALSE,5,11,9,877241,338515,512683,26037,42211,16714,23981,1516,17459,14,108513,36636,5480,291,96,103755,35387,63401,4961,60343,57740,1157,154,100,8,3185,80,53,0,141,66,34.7,26.7,2214,1843.7,1638.6,1256.4,2389.1,1391.3,FALSE,FALSE,FALSE,FALSE,TRUE,FALSE,2,0,0,1,0
187,Team Liquid,Blue,FALSE,94,2283,TRUE,FALSE,6,17,19,1062750,550664,299397,212685,62621,38334,19893,4387,24334,10,126794,48407,6504,326,206,112119,50922,57266,3928,63825,62595,1133,229,162,5,4104,79,62,0,146,66,31.3,26.4,2223.1,1743.7,1750,1336.5,1922.3,1722.9,TRUE,FALSE,FALSE,TRUE,FALSE,TRUE,3,0,1,2,1
188,Team Solo Mid,Red,TRUE,94,2283,TRUE,FALSE,17,6,48,1044930,537826,297961,209140,80431,49104,27296,4029,53246,10,127340,83630,25651,315,143,91476,42413,44570,4489,74909,63725,1066,231,148,24,5195,86,55,0,170,45,32.2,26.1,2063.5,1810.3,1723.6,1388.3,1941.2,1604.6,FALSE,TRUE,TRUE,FALSE,TRUE,FALSE,11,4,2,3,0
189,Cloud9,Blue,TRUE,95,2047,TRUE,FALSE,13,5,29,887826,361679,478723,47422,51918,22255,26350,3311,51094,10,96319,70023,27128,296,58,94373,26275,61236,6857,65909,56743,1006,236,151,32,1494,80,40,0,127,60,34,25.4,2314.8,1964.9,1898.4,1355.8,2025.1,1795,TRUE,FALSE,TRUE,TRUE,TRUE,FALSE,9,1,1,2,0
190,Clutch Gaming,Red,FALSE,95,2047,TRUE,FALSE,5,13,7,883960,301833,544336,37788,48799,19326,24613,4858,19935,10,64083,47427,13006,230,77,75746,24732,47700,3311,58538,56486,1001,200,138,9,1616,76,50,0,117,53,35.1,27.5,2270.2,1973.9,1872.8,1372.7,1617,1622.5,FALSE,TRUE,FALSE,FALSE,FALSE,TRUE,5,0,0,2,1
191,Team Liquid,Blue,TRUE,96,2671,FALSE,TRUE,7,6,17,1342792,690494,455228,197065,75772,38999,34864,1907,39805,9,110240,83513,19891,387,156,88150,29424,56939,1785,76461,68710,1212,264,181,9,1974,85,59,0,223,63,31.4,27.9,2078.5,1973.3,1652.5,1372.1,1855.7,1379,TRUE,FALSE,TRUE,FALSE,FALSE,TRUE,9,1,1,2,1
192,Cloud9,Red,FALSE,96,2671,FALSE,TRUE,6,7,17,1326582,355356,645435,325789,61698,25519,34391,1785,22314,9,124260,90979,11078,346,101,108590,44616,62064,1906,72121,65800,1184,266,175,24,3289,83,42,0,128,103,35.2,28.6,2302.9,1946.5,1926.7,1268.5,1960.2,1715.9,FALSE,TRUE,FALSE,TRUE,TRUE,FALSE,5,0,1,4,0
193,Cloud9,Blue,FALSE,97,1925,FALSE,TRUE,7,13,8,1026866,256119,456774,313968,54120,21546,27733,4838,22399,8,84448,25410,10477,198,58,94978,44843,47804,2326,55956,52816,1021,182,132,16,1164,72,35,0,92,49,37.5,26.8,2273.9,1877.6,1850.7,1359.9,1749.5,2151.9,TRUE,TRUE,FALSE,FALSE,FALSE,FALSE,4,0,0,0,0
194,Team Liquid,Red,TRUE,97,1925,FALSE,TRUE,13,7,30,759344,425858,312259,21223,63306,41164,19812,2328,26463,12,80457,67303,20589,248,157,78357,24048,49467,4838,60603,54850,899,208,126,23,13333,77,36,0,134,34,33.7,23.4,2246.1,1901.7,1748.8,1346.2,1581.9,1907.5,FALSE,FALSE,TRUE,TRUE,TRUE,TRUE,9,1,1,3,1
195,Team Liquid,Blue,TRUE,98,2394,FALSE,TRUE,10,9,31,1068723,550891,458818,59011,95097,53168,37731,4194,44562,14,142459,89138,20916,381,123,118095,37775,76983,3337,75838,65650,1215,253,175,11,2097,86,52,0,209,61,33.4,29.5,2078.5,1935.8,1760.9,1305.4,2172.1,1464.7,TRUE,TRUE,TRUE,TRUE,TRUE,TRUE,9,1,2,3,1
196,Cloud9,Red,FALSE,98,2394,FALSE,TRUE,9,10,28,1090206,344650,561229,184321,90818,34230,53249,3337,21002,10,125107,36381,8889,284,115,126241,56339,65704,4193,66801,62618,1185,228,168,9,4144,83,49,0,128,66,32.8,29.8,2112.4,1954,1611.8,1313.3,2536.3,1665.2,FALSE,FALSE,FALSE,FALSE,FALSE,FALSE,4,0,0,2,0
197,Team Solo Mid,Blue,TRUE,99,1823,FALSE,TRUE,8,3,23,820142,331370,307877,180891,65145,38994,22112,4037,25563,11,98213,73279,17302,238,80,76668,22183,53788,694,58725,53950,882,196,109,45,4675,76,38,0,128,36,35,29.2,2147.3,1973.6,1719.2,1374.6,1944.4,1338.2,TRUE,TRUE,TRUE,TRUE,TRUE,TRUE,11,4,2,3,1
198,Clutch Gaming,Red,FALSE,99,1823,FALSE,TRUE,3,8,9,807796,239883,385191,182717,50463,20129,29636,694,22487,9,74670,14039,2072,197,98,92019,41784,46195,4035,46505,43620,968,135,95,0,1746,72,34,0,113,38,34.8,28.3,2279,1782.2,1581,1197,2180.2,1623.1,FALSE,FALSE,FALSE,FALSE,FALSE,FALSE,0,0,0,1,0
199,Clutch Gaming,Blue,TRUE,100,2471,FALSE,TRUE,17,10,50,1053716,419244,457825,176646,70516,39881,27737,2893,33004,9,122246,84249,17031,421,141,106879,48295,54931,3647,74501,65850,1076,247,159,20,4356,84,50,0,217,96,29.5,25.3,2019.5,1920.8,1717.9,1364.9,1885.6,1506.4,FALSE,FALSE,TRUE,TRUE,FALSE,TRUE,9,2,1,1,1
200,Team Solo Mid,Red,FALSE,100,2471,FALSE,TRUE,10,17,26,1203585,499222,420711,283648,73215,43642,25920,3649,23062,9,125014,46389,4941,312,182,100707,41625,56184,2892,68847,64425,1194,224,159,15,5441,79,59,0,181,83,33.6,28.2,2203.8,1851.7,1749.7,1324.3,1651.3,1720.3,TRUE,TRUE,FALSE,FALSE,TRUE,FALSE,5,0,0,3,0
201,Team Solo Mid,Blue,FALSE,101,1752,FALSE,TRUE,2,13,2,851831,261031,275215,315579,37876,24352,10108,3412,13407,9,68878,28946,4680,189,51,67206,19203,43538,4460,44902,43260,871,157,118,7,2627,67,39,0,112,37,36.2,29,2217.8,1954.2,1715.5,1261.9,1666.7,1504,FALSE,FALSE,FALSE,FALSE,FALSE,TRUE,2,0,0,0,1
202,Clutch Gaming,Red,TRUE,101,1752,FALSE,TRUE,13,2,37,707059,315353,355067,36634,49126,17267,27393,4462,18032,11,62370,68533,22207,251,95,62916,27164,32335,3411,56022,48175,856,186,120,19,4437,73,39,0,139,43,34,28.4,2313.1,2046.7,1909.6,1382.1,1922.3,1467.8,TRUE,TRUE,TRUE,TRUE,TRUE,FALSE,7,1,1,4,0
203,Clutch Gaming,Blue,TRUE,102,1876,FALSE,TRUE,16,3,43,760338,346405,380456,33473,47152,27697,18440,1011,56533,12,75448,70210,23454,272,82,80629,25602,48719,6303,62220,56980,886,204,136,13,3567,77,36,0,143,40,31.1,23.8,2232.8,1855.8,1857.3,1315,1930,1784.8,FALSE,TRUE,TRUE,TRUE,TRUE,TRUE,10,2,1,3,1
204,Team Solo Mid,Red,FALSE,102,1876,FALSE,TRUE,3,16,5,908372,305181,407858,195325,48647,22018,20347,6278,11957,8,50040,17603,7238,187,116,68616,29413,38189,1011,49806,47133,948,163,125,5,1793,70,41,0,105,43,33.4,25.1,2176,1792.4,1497,1290.1,1376.7,1641,TRUE,FALSE,FALSE,FALSE,FALSE,FALSE,3,0,0,0,0
205,Echo Fox,Blue,FALSE,103,1961,FALSE,TRUE,7,22,16,931681,302542,303620,325515,63489,32153,27064,4270,33310,11,114387,29679,6066,222,144,107068,41121,63461,2482,50849,50125,878,176,146,0,4059,70,30,0,133,38,32.3,27.8,2126.2,1918.8,1811.6,1357.9,2437.3,1386.2,TRUE,FALSE,FALSE,FALSE,FALSE,TRUE,3,0,0,1,1
206,Team Liquid,Red,TRUE,103,1961,FALSE,TRUE,22,7,68,724612,253535,441533,29538,83461,38977,41998,2482,42584,12,94221,74882,31402,248,131,92805,36274,52258,4269,66858,60780,897,183,124,9,5514,79,45,0,127,55,29.4,25.6,2094.1,1843.5,1698.6,1254.9,2990.9,1823.2,FALSE,TRUE,TRUE,TRUE,TRUE,FALSE,11,3,2,2,0
207,Team Liquid,Blue,FALSE,104,2080,FALSE,TRUE,17,15,56,1010728,333916,469807,207003,105621,54212,46966,4438,33196,11,143261,17911,3938,223,260,122910,52983,61570,8351,60296,55200,975,150,122,0,6865,81,42,0,111,36,30,26.6,2342,1870.6,1723.8,1261.2,2746.1,1640.9,TRUE,FALSE,FALSE,FALSE,FALSE,FALSE,2,0,0,1,0
208,Echo Fox,Red,TRUE,104,2080,FALSE,TRUE,15,17,37,1121428,388698,382255,350470,97379,51346,37678,8353,35307,10,183543,77917,17866,234,232,135563,57720,73402,4438,66402,62185,861,252,144,32,3719,80,26,0,119,34,30.8,28.6,2268.7,1929.8,1860.9,1291.3,3155.3,1849.8,FALSE,TRUE,TRUE,TRUE,TRUE,TRUE,11,5,2,3,1
209,Echo Fox,Blue,FALSE,105,1740,FALSE,TRUE,2,11,3,967866,182356,439467,346040,40501,18209,18796,3492,27779,9,70947,29422,7328,182,67,91523,30228,60822,470,47154,43158,898,179,129,14,785,69,24,0,113,32,31.4,29.3,2139.6,1932.4,1538,1328.4,2968,1977.8,TRUE,FALSE,FALSE,FALSE,FALSE,TRUE,3,0,0,0,1
210,Team Liquid,Red,TRUE,105,1740,FALSE,TRUE,11,2,31,614960,208445,363864,42647,55020,26178,28370,470,32191,10,74217,63118,29077,208,148,67454,21007,42953,3492,56651,48900,849,169,103,14,7864,71,36,0,101,34,34.1,27.7,2185.9,1902.9,1963.8,1280.8,1941.1,1556.7,FALSE,TRUE,TRUE,TRUE,TRUE,FALSE,11,3,1,3,0
211,Team Liquid,Blue,TRUE,106,1390,FALSE,TRUE,21,3,49,454264,178804,249382,26073,54898,27849,26090,958,29257,11,56061,58220,20400,168,120,61012,17959,40471,2578,49918,38860,653,122,90,4,5612,66,26,0,79,34,31.1,25.6,2687.6,1865.7,2114.6,1212.3,2948.4,1629.8,FALSE,TRUE,TRUE,TRUE,TRUE,TRUE,10,2,1,2,1
212,Echo Fox,Red,FALSE,106,1390,FALSE,TRUE,3,21,5,545799,104566,263397,177834,35800,15146,18073,2578,16821,10,58616,12347,2687,124,87,72511,30255,41295,958,34541,37810,588,134,95,11,1424,58,25,0,84,16,28.6,26,2086.2,1886.6,1588.8,1280,3997.6,1722.9,TRUE,FALSE,FALSE,FALSE,FALSE,FALSE,1,0,0,0,0
213,100 Thieves,Blue,TRUE,107,2121,FALSE,TRUE,8,5,15,1019062,418660,392094,208304,61517,35397,20736,5380,31694,10,97515,58473,14225,291,161,91048,42261,46003,2780,63672,59130,1027,228,142,27,3821,81,43,0,130,55,35.9,28.5,2426.1,2022.6,1646.6,1358.9,2031.8,1509.4,TRUE,FALSE,TRUE,TRUE,FALSE,TRUE,9,2,1,3,1
214,Clutch Gaming,Red,FALSE,107,2121,FALSE,TRUE,5,8,9,930174,408059,361280,160832,61799,38530,20483,2781,40558,9,93941,23260,5499,246,138,89123,38275,45465,5379,56601,52825,1057,170,131,0,6772,76,48,0,125,52,34.6,29.1,2328.1,1960.5,1761.2,1270.7,2031.9,1584.4,FALSE,TRUE,FALSE,FALSE,TRUE,FALSE,3,0,0,1,0
215,Clutch Gaming,Blue,TRUE,108,2068,FALSE,TRUE,9,6,21,1110711,438138,335341,337227,70618,36451,32611,1552,16713,9,103427,52700,13628,256,106,73239,31212,37493,4529,62933,57875,1136,203,142,0,4335,81,50,0,153,66,35.5,28.2,2269.3,1844.1,1650.9,1265.4,1508.7,1517.7,FALSE,FALSE,TRUE,TRUE,FALSE,TRUE,6,1,1,2,1
216,100 Thieves,Red,FALSE,108,2068,FALSE,TRUE,6,9,13,1010381,436802,346753,226820,52640,28136,19971,4530,35271,9,106122,44958,6326,293,180,103143,38694,62894,1551,59586,57175,1176,193,138,15,3804,79,47,0,145,73,39.4,29.1,2336.3,1967.5,1858.9,1371.1,2561.8,1947.6,TRUE,TRUE,FALSE,FALSE,TRUE,FALSE,3,0,0,3,0
217,100 Thieves,Blue,TRUE,109,2423,FALSE,TRUE,15,7,32,936798,429284,434628,72881,74740,38259,29460,7016,33960,10,128302,75326,14133,312,194,114554,46110,66126,2313,73634,65710,1128,229,154,12,3183,84,39,0,153,83,33.4,27.6,2220,1938.7,1695.8,1430.1,2387.1,1658.9,TRUE,TRUE,TRUE,FALSE,TRUE,TRUE,9,2,1,5,1
218,Clutch Gaming,Red,FALSE,109,2423,FALSE,TRUE,7,15,17,1030901,344469,501361,185067,80255,42838,35101,2314,20505,11,126150,41686,3891,342,170,95043,42081,45943,7015,63871,59975,1109,211,163,4,7472,80,50,0,191,71,35.9,28.6,2190,1936.9,1772.5,1275,1562.7,1296.6,FALSE,FALSE,FALSE,TRUE,FALSE,FALSE,3,0,1,0,0
219,Clutch Gaming,Blue,TRUE,110,1694,FALSE,TRUE,10,2,25,629409,273095,312952,43357,44258,16313,21731,6207,26701,12,66978,65279,14386,227,97,62937,22922,39760,254,54071,47750,802,187,103,24,2775,71,43,0,131,35,33.5,26,2251.9,1994,2005.8,1342.2,2258.6,1605.8,TRUE,TRUE,TRUE,TRUE,TRUE,TRUE,9,2,1,3,1
220,100 Thieves,Red,FALSE,110,1694,FALSE,TRUE,2,10,4,737679,256445,299396,181836,35178,19412,15120,644,30124,9,65109,13404,352,179,84,70383,19280,44500,6598,43074,42600,873,157,118,9,2478,68,35,0,84,49,34.2,26.6,2244.5,1883.8,1574.1,1218.3,2138.1,1869.6,FALSE,FALSE,FALSE,FALSE,FALSE,FALSE,1,0,0,1,0
221,100 Thieves,Blue,TRUE,111,4445,FALSE,TRUE,14,11,42,2194281,865679,1084766,243835,195801,74543,118606,2651,87109,12,511735,160157,11731,618,324,276270,113124,143066,20075,121443,110435,2007,308,227,15,6110,90,59,0,206,201,35.1,27.9,2128,1920.9,1596.7,1251.3,1787.1,2184,FALSE,TRUE,FALSE,TRUE,TRUE,FALSE,11,5,2,2,0
222,Clutch Gaming,Red,FALSE,111,4445,FALSE,TRUE,11,14,26,2071640,924324,1033087,114227,225320,102109,103131,20075,40791,17,464259,88750,3216,655,323,234777,80014,152112,2651,117614,119743,1813,336,243,15,8447,90,89,0,374,103,33.5,24.6,2122.9,1883.2,1608.6,1366.4,1538.9,1463.3,TRUE,FALSE,TRUE,FALSE,FALSE,TRUE,7,1,1,4,1
223,Echo Fox,Blue,TRUE,112,1765,FALSE,TRUE,14,8,32,913852,359586,346103,208159,64937,39601,20255,5078,29499,15,70599,66818,24238,235,116,78810,25294,52822,687,59717,48860,861,223,115,49,3461,75,28,0,115,41,30.8,27.5,2240.7,2091.9,1918.9,1421.4,2594.3,2033.3,TRUE,TRUE,TRUE,TRUE,TRUE,TRUE,9,1,1,4,1
224,Clutch Gaming,Red,FALSE,112,1765,FALSE,TRUE,8,14,13,647948,289609,257388,100947,41254,22896,17665,689,22384,10,77517,20415,5565,207,76,79327,41243,33004,5076,47728,45260,871,125,99,0,2438,68,42,0,124,40,33.1,25.9,2210.7,1853.7,1852.6,1254.9,2491.6,1719.5,FALSE,FALSE,FALSE,FALSE,FALSE,FALSE,3,0,0,0,0
225,Clutch Gaming,Blue,FALSE,113,1270,FALSE,TRUE,3,18,4,287830,115195,148738,23892,21498,11394,9200,901,16712,10,47050,5706,76,88,84,68525,22500,38215,7806,28621,26885,537,49,35,0,1038,51,23,0,61,12,30.2,22.6,1896.4,1580.4,1357.2,1162.8,3134.7,2436.3,FALSE,FALSE,FALSE,FALSE,FALSE,FALSE,0,0,0,0,0
226,Echo Fox,Red,TRUE,113,1270,FALSE,TRUE,18,3,31,515579,159838,309317,46422,55486,22442,25234,7808,23406,10,32635,53627,22569,141,81,54304,15024,38375,901,46456,40493,608,184,69,72,5746,62,15,0,71,17,33.2,24.2,2550.7,2001.5,2374.5,1606.4,2888.8,1864,TRUE,TRUE,TRUE,FALSE,TRUE,TRUE,9,1,0,3,1
227,Echo Fox,Blue,TRUE,114,1501,FALSE,TRUE,13,2,18,746897,201138,326289,219465,47766,22503,19031,6228,15133,7,55583,58780,24565,169,71,71339,23681,45681,1972,53556,45558,799,185,93,50,2291,71,18,0,68,31,34.8,25.6,2649.1,1941.9,2086.2,1395.9,2989,1927,TRUE,TRUE,TRUE,TRUE,TRUE,TRUE,10,2,1,1,1
228,Clutch Gaming,Red,FALSE,114,1501,FALSE,TRUE,2,13,4,550604,180522,198298,171781,34660,20761,12920,972,10436,8,51430,5179,923,145,91,61735,24264,31241,6228,37096,36310,707,118,81,12,2381,61,29,0,91,15,31.7,26.2,2047.9,1745.2,1504,1206,2255.8,1924.5,FALSE,FALSE,FALSE,FALSE,FALSE,FALSE,0,0,0,0,0
229,100 Thieves,Blue,FALSE,115,1773,FALSE,TRUE,6,9,17,1033167,291441,253555,488169,33450,19462,12378,1605,17101,11,87317,40031,5018,190,76,67135,29638,36746,750,46726,44150,787,170,125,11,1840,67,32,0,109,30,31.7,25.1,2081.8,1819.7,1500.6,1358.2,1524.7,1627.4,TRUE,TRUE,FALSE,FALSE,FALSE,FALSE,3,0,0,0,0
230,Team Liquid,Red,TRUE,115,1773,FALSE,TRUE,9,6,31,740316,333604,276615,130091,45675,27351,17572,750,15349,10,58080,63702,18447,204,90,58165,21269,35287,1604,53513,45345,849,177,110,4,8666,71,39,0,108,41,32.2,26.1,2182.3,1789.8,1809.8,1242,1582.6,1498.8,FALSE,FALSE,TRUE,TRUE,TRUE,TRUE,7,1,1,4,1
231,Team Liquid,Blue,TRUE,116,1561,FALSE,TRUE,12,4,36,654230,265872,236315,152037,55414,35112,19288,1010,29541,17,61874,71143,25936,154,125,69438,27984,40538,911,51708,45250,693,135,87,11,2279,69,27,0,81,30,32.6,24.3,2430.5,1792.7,2111,1221.8,2917.7,1360.9,FALSE,FALSE,TRUE,TRUE,TRUE,TRUE,11,3,1,3,1
232,100 Thieves,Red,FALSE,116,1561,FALSE,TRUE,4,12,6,769837,227008,207457,335369,41395,25578,14902,913,11777,12,62769,6307,1369,155,93,70369,36330,33026,1010,41209,39750,725,123,92,4,2687,65,22,0,87,19,31.8,25.2,2087.2,1808,1671,1240.2,2475.2,1623.8,TRUE,TRUE,FALSE,FALSE,FALSE,FALSE,2,0,0,0,0
233,100 Thieves,Blue,FALSE,117,1664,FALSE,TRUE,6,16,9,666094,187375,319761,158955,37012,12891,23722,394,12911,8,56302,10523,3076,159,100,75724,33302,40923,1494,42446,41725,723,145,110,6,1547,64,33,0,94,36,29.7,26.8,1827.5,1971.5,1384.2,1514,2018.7,1688,TRUE,TRUE,FALSE,FALSE,FALSE,FALSE,2,0,0,0,0
234,Team Liquid,Red,TRUE,117,1664,FALSE,TRUE,16,6,40,608880,286628,290029,32219,53553,31176,20878,1495,17456,10,70328,65949,15451,210,114,58234,15023,42815,394,54351,46850,757,191,121,17,2236,71,38,0,119,37,31.8,24.1,2257.4,1851.2,1816.1,1339.9,1677.2,1705.5,FALSE,FALSE,TRUE,TRUE,TRUE,TRUE,9,1,1,4,1
