,teamName,summonerName,wins,losses,teamRole,duration,kills,deaths,assists,KDA,totalDamageDealt,magicDamageDealt,physicalDamageDealt,trueDamageDealt,totalDamageDealtToChampions,magicDamageDealtToChampions,physicalDamageDealtToChampions,trueDamageDealtToChampions,totalHeal,totalUnitsHealed,damageSelfMitigated,damageDealtToObjectives,damageDealtToTurrets,visionScore,timeCCingOthers,totalDamageTaken,magicalDamageTaken,physicalDamageTaken,trueDamageTaken,goldEarned,goldSpent,turretKills,inhibitorKills,totalMinionsKilled,neutralMinionsKilled,neutralMinionsKilledTeamJungle,neutralMinionsKilledEnemyJungle,totalTimeCrowdControlDealt,champLevel,visionWardsBoughtInGame,sightWardsBoughtInGame,wardsPlaced,wardsKilled,firstBloodKill,firstTowerKill,firstTowerAssist,firstInhibitorKill,firstInhibitorAssist,creepsPerMinDeltas.10.20,creepsPerMinDeltas.0.10,xpPerMinDeltas.10.20,xpPerMinDeltas.0.10,goldPerMinDeltas.10.20,goldPerMinDeltas.0.10,damageTakenPerMinDeltas.10.20,damageTakenPerMinDeltas.0.10
1,FC Schalke 04,S04 Boris,1,1,SUPPORT,2179,0.5,3,6.5,2.333333333,21055.5,6129,5353.5,9572,3936.5,3418.5,517.5,0,3354,5,30757,836.5,186,74,23.5,19188,7111.5,10985.5,1090,9719.5,8287.5,0,0,92.5,0,0,0,497,13,13.5,0,51,11,0,0,0,0,0.5,3.6,2.45,276.1,256.5,265.55,173.05,399.6,313.55
2,FC Schalke 04,S04 Nukeduck,7,11,MID,2261.888889,2.777777778,1.555555556,3.722222222,4.178571429,276217.3333,224901.3889,16614.11111,34701.16667,22592.77778,21562.22222,680.6111111,349.1666667,3411.055556,1.333333333,11486.61111,10246.16667,3335,41.77777778,15.38888889,13939.5,6604.388889,6998.833333,335.5555556,15043.33333,14349.61111,1.055555556,0.388888889,342.1111111,19.77777778,16.83333333,2,545.6666667,17.16666667,7,0,18.94444444,10,0.111111111,0,0.055555556,0.166666667,0.222222222,10.62777778,8.961111111,557.4944444,487.9055556,406.7777778,301.0444444,285.5888889,193.7277778
3,FC Schalke 04,S04 Pride,7,11,JUNGLE,2261.888889,1.277777778,1.277777778,5.166666667,5.043478261,161785.4444,50518.33333,97322.16667,13944.27778,7722.944444,2641.611111,4580.777778,499.7777778,15466.72222,2.555555556,29449.88889,13909.22222,1370.888889,104.8333333,18.55555556,32147.55556,10654.11111,20596.05556,896.5555556,11682.55556,10997.22222,0.5,0.055555556,38.88888889,150.8888889,102.7777778,10.5,715.2777778,15.33333333,11.38888889,0,54.05555556,18.16666667,0.333333333,0.055555556,0.111111111,0.055555556,0.222222222,0.988888889,0.211111111,406.3333333,358.9888889,325.1555556,271.1,734.6666667,675.4277778
4,FC Schalke 04,S04 Upset,6,10,BOTCARRY,2272.25,3.5625,1.625,3.4375,4.307692308,296261.8125,84400.3125,205134.125,6726.5625,25472.4375,6510.375,17790.9375,1170.5,4229.4375,3.25,12295,16015,6499,62.875,14.0625,13123.875,6149.375,6750.4375,223.25,16806.4375,15538.5,2,0.125,381.125,30.8125,20.5625,3.625,506.0625,16.0625,3.5,0,18.125,20,0.0625,0.125,0.0625,0,0.25,11.00625,8.73125,430.3625,323.575,411.28125,296.05625,235.81875,206.825
5,FC Schalke 04,S04 Vander,1,1,BOTCARRY,2179,2.5,2,5,3.75,218323,71800,139327,7195.5,15878,5236.5,10382.5,259,4195,5,12296,11226.5,4047.5,46.5,19.5,8154.5,3395.5,4451,306.5,14676,12975,0.5,0.5,321.5,11.5,11.5,0,409.5,16,2,0,13.5,19,0,0,0,0.5,0,8.85,7.1,376.2,296.95,365.15,262.15,254.75,196.1
6,FC Schalke 04,S04 Vander,6,10,SUPPORT,2272.25,0.1875,2.3125,6.375,2.837837838,90525.5,9940.4375,8326.1875,72257.875,3984.375,3390.5,376.3125,216.875,5705.5,4.9375,20257.4375,1884.375,797.1875,84.375,20.3125,16067.5,7847.4375,7348.875,870.0625,9227.4375,8483.125,0.4375,0,59.75,0,0,0,212.125,13.9375,16.3125,0,57.875,10.0625,0,0.0625,0.125,0,0.3125,2.06875,1.28125,297.89375,267.225,229.76875,159.55625,327.8125,215.8375
7,FC Schalke 04,S04 Vizicsacsi,7,11,TOP,2261.888889,1.388888889,2.333333333,3.777777778,2.214285714,249370.9444,62407.66667,131973.8889,54988.61111,14803.61111,6802,6720.777778,1280.111111,8503.333333,1,39130.44444,6513.666667,3532.277778,47.16666667,46.83333333,31977.77778,12022,18577.83333,1377.222222,14148.94444,13560.11111,0.888888889,0.166666667,316.5,7.5,2.5,1.722222222,981.6111111,16.83333333,6.555555556,0,23.5,7.888888889,0,0.111111111,0.055555556,0.055555556,0.222222222,10.11666667,8.772222222,530.2333333,456.4388889,389.6944444,289.4222222,619.1388889,413.3111111
8,Fnatic,FNC Broxah,14,4,JUNGLE,2396.944444,1.111111111,1.333333333,7.555555556,6.5,159723.3333,47679.22222,92533.16667,19509.77778,5928.333333,1717.555556,3919.611111,290.4444444,12819.44444,1.944444444,31458.72222,12910.16667,1225.444444,106.7777778,15.33333333,28824.61111,9827.944444,18165.05556,830.8888889,12670.77778,11470,0.277777778,0.111111111,30.38888889,157.3333333,102.9444444,11.61111111,685.6666667,16.22222222,12.88888889,0,56.22222222,15.33333333,0.222222222,0,0.277777778,0,0.722222222,0.7,0.288888889,427.0944444,346.2111111,332.1055556,271.3944444,614.2333333,614.4277778
9,Fnatic,FNC Bwipo,2,0,TOP,1921,3,1,6,9,347855,155049,39883.5,152921.5,19432.5,15822,3472.5,137.5,6650.5,1,21418.5,7682.5,2681.5,37,42,17650.5,6983.5,10387,279.5,13839.5,12587.5,3,0.5,292.5,15.5,7.5,2,1239.5,17,7.5,0,20.5,3,0.5,0.5,0.5,0.5,0,9.8,7.8,560.95,453.6,399.25,293.7,254.45,317.65
10,Fnatic,FNC Caps,14,4,MID,2396.944444,3.5,1.833333333,4.333333333,4.272727273,353679.4444,280155.1667,25926,47597.22222,27815.44444,25338.33333,1788.777778,687.7222222,4937.777778,1.444444444,16203.61111,18276.05556,6446.111111,44.05555556,17,19634,9402.888889,9797.555556,432.8333333,17435.83333,15537.05556,2,0.666666667,364.6666667,37.88888889,27.83333333,8.333333333,337.2777778,17.61111111,4.166666667,0,18.16666667,12,0.055555556,0.055555556,0.222222222,0.277777778,0.388888889,10.72777778,8.433333333,580.0222222,469.4666667,433.5833333,295.55,415.6944444,300.1055556
11,Fnatic,FNC Hylissang,14,4,SUPPORT,2396.944444,0.611111111,2.333333333,8,3.69047619,88091.61111,10644.83333,8083.777778,69362.05556,5450.5,4254.222222,732.6666667,463,6281.888889,5.166666667,20729.94444,3145.111111,1512.888889,95.16666667,28.38888889,17161.77778,7540.722222,9108.777778,511.3888889,10563.27778,9273.611111,0.5,0,54.27777778,0.611111111,0.111111111,0.055555556,199.6111111,14.88888889,21.61111111,0,60,10.44444444,0.111111111,0.166666667,0.277777778,0,0.555555556,1.772222222,1.277777778,304.6333333,282.4055556,249.9055556,174.7944444,340.1,226.4444444
12,Fnatic,FNC Rekkles,14,4,BOTCARRY,2396.944444,4.888888889,0.722222222,4.888888889,13.53846154,374480.0556,95049,272934.4444,6495.666667,27352.61111,4957.611111,21327.83333,1066.722222,3318.666667,3.277777778,9712.333333,27743.83333,11443.55556,61,8.611111111,8616.722222,3189.277778,5202.833333,223.9444444,19948.77778,17493.5,4.055555556,0.888888889,440.0555556,41.61111111,20.83333333,9.111111111,389.9444444,17.27777778,3.277777778,0,13.61111111,23.83333333,0.166666667,0.277777778,0.111111111,0.333333333,0.388888889,11.58333333,9.394444444,476.8055556,330.9666667,448.5444444,316.1611111,158.7055556,147.3
13,Fnatic,FNC sOAZ,12,4,TOP,2456.4375,1.75,2.6875,5,2.511627907,235135.25,118900.0625,81256.25,34978,14672.625,9744.375,3585.875,1341.625,11914.0625,1.1875,46035.8125,5845.875,2449.0625,46.5625,46.625,33638.25,12960.5,19019.5625,1657.4375,15328.75,14383.8125,0.5625,0.125,316.5,12.5,6.125,1.5625,1091.1875,17.5625,5.75,0,23.3125,6.3125,0.1875,0,0.1875,0.0625,0.5,9.5125,8.39375,523.1375,463.20625,377.03125,284.575,641.2,386.05
14,G2 Esports,G2 Hjarnan,11,7,BOTCARRY,2513.055556,3.222222222,1.833333333,5.222222222,4.606060606,336523.8889,82188.72222,231465.4444,22869.05556,26824.83333,7077.055556,18711.77778,1035.5,4157.222222,3.388888889,12811.27778,23952.11111,10120.66667,52.94444444,17.22222222,13523.88889,5715.666667,7447.611111,360.1111111,18519.77778,16771.27778,2.944444444,0.777777778,407.9444444,30.16666667,20.11111111,3.722222222,540.3333333,17.38888889,2.833333333,0,15.72222222,18.16666667,0.055555556,0.166666667,0.055555556,0.111111111,0.111111111,10.87222222,8.816666667,443.1888889,325.8833333,422.2611111,292.4722222,245.7166667,191.6055556
15,G2 Esports,G2 Jankos,11,7,JUNGLE,2513.055556,1.5,1.611111111,7.277777778,5.448275862,169569.8333,66025.61111,83358.77778,20184.44444,8931.944444,3650.222222,4568,712.7777778,15327.55556,1.666666667,41623.38889,16025.72222,1151.555556,134.1111111,23.88888889,37446.77778,13435.72222,22748.66667,1261.555556,13191.94444,12205,0.611111111,0.055555556,58.38888889,151.0555556,101.8333333,13.22222222,791.2222222,16.44444444,15.77777778,0,65.11111111,30.5,0.222222222,0.166666667,0.111111111,0,0.388888889,1.305555556,0.438888889,388.8166667,337,317.6222222,257.7777778,654.45,629.8
16,G2 Esports,G2 Perkz,11,7,MID,2513.055556,3.277777778,2,5.388888889,4.333333333,404530,300864.3889,23476.16667,80188.5,27732.16667,24727.05556,1791.5,1213,4588.555556,1.666666667,21270.5,12771.61111,5007,45.72222222,29.44444444,20285.61111,9866.333333,9466.888889,951.4444444,17714.27778,16017.27778,1.388888889,0.166666667,381.7777778,40,29.22222222,7.5,399.3333333,17.88888889,4.388888889,0,17.22222222,13.72222222,0.055555556,0,0.166666667,0.111111111,0.222222222,10.77777778,8.888888889,558.2222222,483.9444444,424.0166667,294.1388889,392.45,260.9611111
17,G2 Esports,G2 Wadid,11,7,SUPPORT,2513.055556,0.388888889,2,7.944444444,4.166666667,116180.6111,14510.5,9656.111111,92012.77778,5015.388889,3978.111111,784.7222222,251.8888889,6307.166667,5.5,19759.55556,1895.833333,820.3888889,111.1111111,26,17051.27778,8344.5,7758.833333,947.1111111,10440,9662.5,0.388888889,0.055555556,74.66666667,0.111111111,0.111111111,0,316.5,14.77777778,25,0,71.94444444,14.83333333,0,0,0.111111111,0,0.277777778,2.083333333,1.566666667,260.6833333,278.2666667,226.9166667,164.5444444,242.7111111,235.9444444
18,G2 Esports,G2 Wunder,11,7,TOP,2513.055556,2.611111111,1.388888889,5.666666667,5.96,370706.7778,67899.72222,254831.1667,47974.77778,23658.44444,8078.833333,12905.44444,2673.333333,6293.555556,1.277777778,37771.88889,10712.5,3970.611111,51.16666667,39.94444444,28128.27778,12351.72222,14904.44444,871.6111111,17775.77778,16489.66667,1.611111111,0.333333333,382.5555556,14,6.833333333,1.166666667,1373.5,17.72222222,5.111111111,0,26.55555556,7.277777778,0.111111111,0.166666667,0,0.111111111,0.277777778,10.52222222,9.011111111,542.3944444,471.2055556,419.8666667,311.2388889,455.0555556,312.7277778
19,Giants Gaming,GIA Betsy,7,11,MID,2126.833333,2.611111111,2.333333333,3.888888889,2.785714286,294444.0556,222028.6667,13187.33333,59227.11111,20723.88889,19570.83333,719.2222222,433.2222222,4157.388889,1.5,13724.66667,9559.444444,3406,34.11111111,16.16666667,16928.55556,7785.555556,8585.555556,556.7222222,14340.88889,13071,1.111111111,0.111111111,312.6111111,34.61111111,25.72222222,4.5,206.6111111,16.83333333,4.555555556,0,15.11111111,8.277777778,0.055555556,0,0.055555556,0,0.166666667,10.62777778,8.783333333,564.2166667,473.1888889,402.8944444,293.9055556,300.7,263.9055556
20,Giants Gaming,GIA Djoko,7,11,JUNGLE,2126.833333,0.944444444,2.5,6.444444444,2.955555556,124073.8333,52368.77778,55968.61111,15735.66667,5811.222222,2687,2786.611111,336.8333333,14243.22222,2.555555556,34065.66667,10760.94444,742.5555556,95.5,17.94444444,33282.05556,11136.88889,20592.83333,1551.555556,10438.88889,9836.666667,0.166666667,0,36.88888889,119.6666667,85.33333333,10.55555556,592.6666667,14.38888889,10.66666667,0,43.61111111,22.94444444,0.055555556,0.055555556,0.166666667,0,0.333333333,1.133333333,0.388888889,398.4722222,334.3722222,302.2277778,253.1555556,684.3388889,652.5055556
21,Giants Gaming,GIA Ruin,7,11,TOP,2126.833333,2.222222222,2.5,4.277777778,2.6,233072.6111,40749.11111,163132.8333,29189.61111,14031,4283.111111,8797,950.1111111,4765.777778,1.055555556,28803.33333,6498.555556,3770.666667,42.5,26.88888889,25867.22222,9606.722222,15081.05556,1178.666667,14070.55556,13724.44444,1.055555556,0.333333333,293.5,19.22222222,11.05555556,2.944444444,940.9444444,16.94444444,4.222222222,0,21.27777778,8.055555556,0.111111111,0,0.111111111,0.055555556,0.166666667,9.461111111,7.888888889,537.8333333,458.2333333,402.0722222,285.4666667,495.25,370.2833333
22,Giants Gaming,GIA Steeelback,7,11,BOTCARRY,2126.833333,2.833333333,1.833333333,4,3.727272727,242067.8333,48177.5,187192.9444,6696.444444,17936.72222,3214,13798.61111,923.2777778,3632.666667,3,10510.55556,14744,6262.111111,38.22222222,14.5,12146.55556,5851.722222,6070.333333,223.6111111,14953.72222,13978.05556,2,0.222222222,324.2777778,32.11111111,22.22222222,3.166666667,409.1111111,15.77777778,2.722222222,0,13.33333333,8.277777778,0.055555556,0.333333333,0.055555556,0.111111111,0.222222222,10.75555556,8.35,457.7666667,304.4888889,415.0333333,287.8833333,217.6833333,193.7055556
23,Giants Gaming,GIA Targamas,7,11,SUPPORT,2126.833333,0.944444444,2.444444444,6.277777778,2.954545455,68813.88889,17011.27778,9281.111111,42520.55556,5734.222222,4701.666667,614.7222222,417.0555556,5665.611111,4.722222222,18783.66667,3605.055556,1676.333333,76.88888889,16.72222222,14627.44444,6597.222222,7550.055556,479.6666667,8943.444444,8185,0.555555556,0.055555556,59.72222222,0.722222222,0.222222222,0,137.5555556,13.72222222,14.27777778,0,46.38888889,11.72222222,0,0,0.388888889,0.055555556,0.277777778,2.022222222,1.433333333,283.9611111,275.1833333,233.1944444,165.8777778,270.8722222,218.9333333
24,H2K,H2K Caedrel,0,2,JUNGLE,1924.5,0.5,2.5,0,0.2,116386.5,50152.5,53407,12826.5,3132,2253.5,696,182.5,14209,3,20235,9076.5,389.5,97.5,12,26184.5,7210.5,16826,2147.5,8735,8637.5,0.5,0,33,123,92,2.5,556,13.5,10.5,0,49,15.5,0,0,0,0,0,1.35,0.05,384.55,283.55,291,224.5,613.4,567.9
25,H2K,H2K Caedrel,1,5,MID,2063.166667,0.833333333,1.833333333,2.166666667,1.636363636,218046.8333,173007.8333,17076,27962.16667,14238.66667,13126.5,545,566.5,2233,1.833333333,9318,4224,2025.5,34.16666667,22.5,14703,8552.833333,5931.333333,218.1666667,12547.33333,11860.83333,0.166666667,0,299.3333333,16.5,15.16666667,0.666666667,234.8333333,16.5,5.666666667,0,16,9.333333333,0,0,0,0,0.166666667,10.05,8.45,522.8333333,480.15,370.3,286.5666667,354.45,199.5666667
26,H2K,H2K promisq,8,9,SUPPORT,2257.352941,0.352941176,2.235294118,5.411764706,2.578947368,63805,10922.05882,6649.411765,46232.35294,4682.823529,3751.941176,457.7058824,472.2352941,4956.176471,4.764705882,15124.41176,2674.470588,662,108.7058824,17.58823529,14637.23529,7384.882353,6487.294118,764.1176471,9141.235294,8287.058824,0.294117647,0,59.52941176,0.705882353,0.235294118,0,165.8823529,13.52941176,19.47058824,0,68.41176471,17.52941176,0.058823529,0,0.235294118,0,0.352941176,1.929411765,1.229411765,248.4529412,266.2352941,212.4882353,163.7647059,239.4235294,189.2882353
27,H2K,H2K Promisq,0,1,SUPPORT,1985,0,3,2,0.666666667,25210,5606,7115,12488,3665,2550,630,483,1222,5,20551,1257,360,125,24,11721,4432,7231,58,9037,7900,0,0,106,0,0,0,265,12,16,0,82,16,0,0,0,0,0,2.9,2.8,217,245.5,266.2,177.7,401.9,109.3
28,H2K,H2K Santorin,1,5,JUNGLE,2063.166667,0.5,2.166666667,2.666666667,1.461538462,122241,41352.5,66881.33333,14006.5,4532,1346,3049,136.5,10695.16667,1.666666667,22977.5,9078.666667,301.8333333,102.1666667,10,27577,9637.5,17395.83333,543.3333333,9879.5,9550,0.166666667,0,34.5,118.1666667,88.33333333,5.166666667,504.5,13.66666667,8.5,0,49.66666667,19.5,0.166666667,0,0,0,0,1.2,0.266666667,386.5166667,309.9833333,288.2333333,248.6,715.4333333,594.7166667
29,H2K,H2K Selfie,7,5,MID,2331.75,2.416666667,1.666666667,4.5,4.15,374634.3333,270321,25586.33333,78726.83333,22135.16667,20649.83333,1129.583333,355.3333333,4585.166667,1.333333333,12879.25,12636.41667,3926.083333,42.83333333,14.16666667,16926.41667,8186,8114,625.6666667,16559.58333,15395.91667,1.333333333,0.5,370.8333333,40.16666667,29.33333333,5.25,598.3333333,17.58333333,4.75,0,16,12.16666667,0.083333333,0,0,0.166666667,0.333333333,10.8,9.441666667,569.775,508.9,389.175,310.75,343.45,195.3416667
30,H2K,H2K Sheriff,8,10,BOTCARRY,2242.222222,2.555555556,1.388888889,3.333333333,4.24,274478.5,58961.44444,209023.7778,6492.333333,26332.33333,5091.666667,20062.16667,1177.777778,4057.222222,3.166666667,10168.33333,15952.38889,5806.5,49.55555556,13.61111111,12270.88889,5843.333333,5961.333333,465.4444444,15758.05556,15240.72222,2.277777778,0.222222222,360.3888889,25.11111111,17.72222222,2.666666667,384.7777778,16.11111111,8.833333333,0,17.16666667,15.94444444,0,0.166666667,0.055555556,0.055555556,0.277777778,10.59444444,9.088888889,449.1055556,328.4444444,387.8222222,293.8388889,190.3944444,135.3666667
31,H2K,H2K Shook,7,3,JUNGLE,2413.2,0.9,2.5,6,2.76,151399.1,53657.6,83837.5,13903,7491.5,3817.4,3495.4,178.1,12928.5,1.8,35268.4,13301.1,736.1,60.2,24.4,34915,12990.7,20658.8,1264.5,11549.8,10540,0.4,0,26.4,139.3,101.4,6.9,677.7,15.4,7.5,0,30,11.7,0.1,0,0,0,0.5,0.69,0.3,382.82,348.91,281.1,259.35,699.38,656.9
32,H2K,H2K Smittyj,8,10,TOP,2242.222222,1.388888889,3.055555556,4.055555556,1.781818182,229963.1111,77351.77778,130585.5,22025.05556,17382.05556,8370.055556,7443.444444,1567.611111,10090.22222,1.166666667,32403.44444,6899.111111,2083.166667,35.83333333,33.5,30209.83333,13044.22222,15662.88889,1501.888889,14246.16667,13692.5,0.5,0.166666667,305.8333333,18.27777778,9.722222222,1.166666667,980.3333333,17.16666667,3.555555556,0,19.61111111,6.666666667,0,0.111111111,0,0.111111111,0.222222222,9.911111111,7.933333333,543.4388889,446.5111111,386.6611111,270.6166667,489.0055556,337.1
33,Misfits Gaming,MSF Alphari,8,10,TOP,2341.777778,2.333333333,1.611111111,4.333333333,4.137931034,290526.1111,63320.61111,198894.3889,28310,16614.44444,7409.166667,8000.888889,1203.722222,7549.444444,1,31282.16667,7387.222222,2725.277778,43.44444444,27.83333333,23039.5,8811.666667,13134.55556,1092.666667,15750,14835,1,0.111111111,338.9444444,13,6.666666667,0.5,936.5,17.11111111,5.388888889,0,24.55555556,5.111111111,0,0.111111111,0.055555556,0.111111111,0.055555556,9.533333333,8.372222222,507.8666667,465.4055556,385.1111111,280.85,405.3555556,270.45
34,Misfits Gaming,MSF Hans Sama,8,10,BOTCARRY,2341.777778,3.166666667,1.555555556,5,5.25,303131.6111,61392.38889,211294.6111,30443.83333,25470.72222,7503.166667,16829.83333,1137,3667,3.277777778,11499.94444,18804.83333,6920,56.55555556,15.27777778,14142.22222,5975.888889,7776.666667,389,16972.27778,15613.83333,1.833333333,0.222222222,387.7777778,18.94444444,10.05555556,3.5,654.7222222,16.22222222,8,0,18.22222222,20.72222222,0.111111111,0.222222222,0.111111111,0.166666667,0.166666667,10.88888889,9.222222222,434.3555556,324.3777778,416.1722222,303.2055556,214.6555556,196.5111111
35,Misfits Gaming,MSF Maxlore,8,10,JUNGLE,2341.777778,1.722222222,1.944444444,6.111111111,4.028571429,193626.0556,56573,119076.1111,17975.83333,8807.222222,2509.055556,5630.055556,667.3888889,16158.66667,1.833333333,34105.88889,20521.61111,1286.666667,115.1666667,16.88888889,34666.77778,12069.66667,21496.05556,1100.166667,12788.44444,11810.88889,0.666666667,0.055555556,50.55555556,170.7777778,115.3888889,10.16666667,709.4444444,15.83333333,14.88888889,0,53.66666667,23.72222222,0.166666667,0,0.055555556,0.055555556,0.111111111,0.911111111,0.327777778,411.3,357.1555556,318.0333333,268.4333333,727.2777778,646.4222222
36,Misfits Gaming,MSF Mikyx,8,10,SUPPORT,2341.777778,0.444444444,2.5,8.055555556,3.4,74718.38889,11534.44444,9846,53337.05556,5686.944444,4395.444444,1049.666667,241,5559.666667,4.055555556,24366.94444,2247.333333,909.5555556,118,30.11111111,18184.44444,8703.444444,8621.777778,858.2777778,10164.66667,9250.833333,0.277777778,0.111111111,76.83333333,0.888888889,0.111111111,0.111111111,296.7777778,14.38888889,24.55555556,0,76.38888889,17.66666667,0.111111111,0.055555556,0.388888889,0,0.333333333,2.322222222,1.344444444,293.1611111,270.6222222,243.8944444,162.8166667,326.7277778,215.8388889
37,Misfits Gaming,MSF Sencux,8,10,MID,2341.777778,2.944444444,1.777777778,4.722222222,4.3125,304871.4444,219629.5556,14437.61111,70803.11111,19911.55556,18542.72222,719.8333333,648.1111111,3839.722222,1.777777778,18620,9831.055556,2282.333333,36.33333333,31.5,16275,7592.666667,8201.833333,479.8333333,14867.72222,13429.16667,0.777777778,0.111111111,318.6111111,22.38888889,16.27777778,1.833333333,833.2777778,17.05555556,5.666666667,0,16.83333333,8.5,0.277777778,0.055555556,0,0.055555556,0.277777778,10.65,8.438888889,552.2611111,472.7611111,390.8722222,294.6,295.3777778,229.9944444
38,ROCCAT,ROC Blanc,8,10,MID,2407.055556,3.277777778,1.5,3.888888889,4.777777778,342097.6667,280879.5,20187.16667,41030.22222,22063.16667,20833.88889,905.0555556,323.5,4359.055556,1.166666667,13644.72222,16639.05556,5034.888889,48.5,13.77777778,16539.33333,8724.888889,7576.222222,237.7777778,16953.94444,15328.33333,1.333333333,0.666666667,374.1666667,34.5,23.77777778,4.444444444,408.2222222,17.61111111,9.333333333,0,22.44444444,10.11111111,0.277777778,0.055555556,0.055555556,0.166666667,0.277777778,11.12777778,8.938888889,587.2944444,488.4166667,424.5888889,303.5888889,319.3777778,219.3666667
39,ROCCAT,ROC HeaQ,8,10,BOTCARRY,2407.055556,2.166666667,1.666666667,4.444444444,3.966666667,292711.5,59926,221218.3889,11566.33333,26908.66667,6675.333333,18854.44444,1378.333333,4059.944444,3.222222222,11728.44444,14456.38889,6963.055556,59.27777778,19.72222222,13205.94444,6016.555556,6900.5,288.1666667,16884.27778,15018.05556,2.444444444,0.277777778,376.9444444,26.94444444,20.44444444,3.055555556,676.3333333,16.33333333,7.5,0,23.5,14.94444444,0,0.166666667,0.166666667,0.111111111,0.166666667,10.75,8.977777778,417.2388889,314.9666667,406.1,291.6055556,205.7722222,184.1611111
40,ROCCAT,ROC Memento,8,10,JUNGLE,2407.055556,1.277777778,2,5.388888889,3.333333333,167486.7222,54952.72222,94826.16667,17707,7477.333333,2740.888889,4010.055556,725.7777778,12844.77778,1,34597.11111,13267.66667,1662.944444,109.8888889,18.33333333,33312.61111,12031.38889,20418,862.6111111,12425.5,11486.05556,0.833333333,0.166666667,41,152.7777778,105,11.11111111,728.8888889,15.88888889,15.77777778,0,54.77777778,21.22222222,0.055555556,0.111111111,0.055555556,0.055555556,0.277777778,0.961111111,0.3,411.8,331.7111111,325.0666667,251.5055556,650.7388889,599.5888889
41,ROCCAT,ROC Norskeren,8,10,SUPPORT,2407.055556,0.722222222,2,6.333333333,3.527777778,94181.77778,12017.16667,11271.55556,70892,5812.777778,4843.055556,747.8888889,221.1666667,5311.5,5.055555556,20170.83333,2092.666667,745.6111111,108.7222222,28.61111111,16608.38889,8346.777778,7601.111111,659.7777778,10479.44444,9504.166667,0.5,0.111111111,80.83333333,0.222222222,0,0,392.6111111,14.44444444,24.61111111,0,64.94444444,19.27777778,0.111111111,0.055555556,0.277777778,0.055555556,0.277777778,2.277777778,1.344444444,308.8555556,281.4055556,243.9166667,161.6333333,293.2777778,199.9
42,ROCCAT,ROC Profit,8,10,TOP,2407.055556,1.388888889,1.833333333,4.222222222,3.060606061,259171.6111,43168.27778,173953.8333,42048.72222,15075.83333,4643.5,9687.666667,743.9444444,3006,0.944444444,37583.22222,6717.333333,2760.777778,45.83333333,30.66666667,26001.16667,10708.55556,14426.61111,865.2222222,15103.72222,13951.44444,1.111111111,0.222222222,343.8888889,10.55555556,5,1.833333333,1281.222222,17.38888889,3.555555556,0,23.94444444,6.611111111,0.111111111,0.111111111,0,0.055555556,0.222222222,9.933333333,8.272222222,533.7555556,456.5555556,370.2444444,272.4,369.5833333,336.8777778
43,Splyce,SPY kaSing,11,7,SUPPORT,2406.5,0.555555556,1.388888889,6.277777778,4.92,31915.88889,14459.16667,5919.166667,11536.55556,4685.722222,3951.777778,444.1666667,289.2222222,6431.166667,5.5,16787.72222,2537.944444,1162.111111,98.38888889,18.77777778,11877.16667,5426.277778,5786.166667,663.7777778,10177.88889,9254.722222,0.555555556,0.055555556,54.11111111,0.5,0.055555556,0.222222222,137,14.61111111,19.94444444,0,62.05555556,14.33333333,0.055555556,0.055555556,0.277777778,0.055555556,0.277777778,1.494444444,0.994444444,292.2166667,277.0722222,226.5555556,165.7555556,220.5944444,125.4722222
44,Splyce,SPY Kobbe,11,7,BOTCARRY,2406.5,3,1.277777778,3.611111111,5.173913043,343024.3889,73407.61111,262586.3889,7029.666667,24705,4700.666667,19515.05556,488.4444444,4424.111111,3.388888889,12212.5,22089.72222,9667.111111,48.33333333,11.83333333,12026.33333,5185.333333,6097.555556,742.6111111,17779.88889,16107.38889,3.5,0.5,410.3888889,24.5,17.55555556,1.277777778,316.1666667,16.44444444,2.777777778,0,13.27777778,20.22222222,0.111111111,0.222222222,0.055555556,0.166666667,0.277777778,11.29444444,8.988888889,440.0111111,325.3111111,414.1944444,297.2222222,182.8555556,164.2888889
45,Splyce,SPY Nisqy,11,7,MID,2406.5,2.444444444,1.5,3.944444444,4.259259259,312460.6111,267210.2778,16929.83333,28319.66667,18849,17705.72222,882.5,260.3333333,3158.277778,0.944444444,12927.27778,13509.88889,4384.333333,46.38888889,16.05555556,14771.27778,7391.111111,6934.111111,445.4444444,16415.05556,15065.72222,1.166666667,0.222222222,356.0555556,31.94444444,24.38888889,4.444444444,575.6111111,17.33333333,8.111111111,0,22.11111111,11.05555556,0.111111111,0,0.055555556,0.111111111,0.388888889,10.50555556,8.694444444,565.0666667,470.1166667,402.6555556,296.85,288.9777778,205.5222222
46,Splyce,SPY Odoamne,11,7,TOP,2406.5,2.388888889,2.611111111,3.944444444,2.425531915,251666.2222,85622.66667,134445.7222,31597.22222,17052.05556,7737.555556,7721.666667,1592.333333,10861.27778,1,44833.61111,5832.777778,2884,50.22222222,34.38888889,33151.27778,12402.61111,18495.11111,2253,15086.22222,14020.11111,0.777777778,0.166666667,318.2222222,11.83333333,5.055555556,2.333333333,961.8888889,17.38888889,6.166666667,0,26.11111111,8.277777778,0.222222222,0,0.111111111,0.111111111,0.166666667,9.288888889,8.077777778,523.4833333,460.4777778,381.9888889,285.65,493.5111111,388.0777778
47,Splyce,SPY Xerxe,11,7,JUNGLE,2406.5,1.333333333,0.944444444,6.277777778,8.058823529,178515.4444,68161.5,55461.77778,54891.27778,6149.611111,3660.833333,1897.611111,590.4444444,16162.72222,3,34374.38889,8673,937.6111111,95.38888889,25.16666667,30230.22222,10288.77778,18334.44444,1606.166667,12397.61111,11404.05556,0.333333333,0.111111111,43.61111111,137.6111111,101.4444444,3.222222222,672,15.83333333,13.33333333,0,47.16666667,20.61111111,0.222222222,0,0.166666667,0,0.222222222,1.111111111,0.522222222,418.3111111,352.7722222,307.4833333,274.9111111,545.6611111,556.6333333
48,Team Vitality,VIT Cabochard,10,8,TOP,2283.222222,1.833333333,2,4.722222222,3.277777778,314228.1667,45381.66667,232023.5556,36822.27778,16346.05556,5036.944444,10419.05556,889.2222222,3807.166667,1.555555556,28430.55556,7618.666667,3779.277778,45.5,23.05555556,22651.61111,9519.111111,12100.5,1031.166667,15658.05556,15321.61111,1.444444444,0.5,329,16.5,9.888888889,1.666666667,1046.833333,17.22222222,7.5,0,25.33333333,5.444444444,0.055555556,0.111111111,0.166666667,0.166666667,0.333333333,10.11666667,8.077777778,561.6888889,461.6,416.5333333,296.5888889,464.9444444,322.5555556
49,Team Vitality,VIT Gilius,10,8,JUNGLE,2283.222222,0.833333333,2.5,5.5,2.533333333,148901.2222,54312.61111,79059.38889,15528.27778,6572.888889,2382.777778,3724.166667,465.3333333,11588.44444,1.222222222,35257.22222,14405.72222,751.2777778,105.3333333,17.44444444,35910.55556,11922.44444,22724.83333,1262.277778,11445,11015.61111,0.5,0.055555556,37.83333333,139,95.94444444,9,674.8888889,15.22222222,9.166666667,0,50.05555556,23.38888889,0.166666667,0,0.333333333,0,0.277777778,0.883333333,0.327777778,404.1944444,315.2666667,314.6555556,251.2333333,669.7111111,613.7888889
50,Team Vitality,VIT Jactroll,10,8,SUPPORT,2283.222222,0.388888889,2.666666667,5.388888889,2.166666667,95776.66667,13549.05556,7866.166667,74360.55556,4344.111111,3459.722222,430.6111111,453.1111111,5267.277778,3.888888889,20204.05556,3128.333333,1025.833333,83.55555556,20.33333333,17124.38889,8364.555556,8112.944444,646.2777778,9297.888889,8588.888889,0.222222222,0,56.66666667,0.555555556,0.111111111,0,131.1666667,13.94444444,20,0,58.55555556,8.333333333,0,0,0.277777778,0,0.333333333,1.75,1.433333333,293.4611111,273.2555556,229.7666667,164.2888889,317.7333333,236.1833333
51,Team Vitality,VIT Jiizuke,10,8,MID,2283.222222,3.555555556,2.111111111,3.611111111,3.394736842,333080.0556,280094.9444,16480.83333,36503.44444,24086.27778,22189.94444,1006.555556,888.8888889,3795.833333,1.388888889,12931.77778,16043.61111,4955.833333,49,27.66666667,17890.38889,9118.166667,8301.333333,470.2777778,16144.38889,15041.11111,1.5,0.166666667,337.1111111,39.83333333,27.55555556,5.5,297,17.44444444,5.277777778,0,24,10.44444444,0.055555556,0.166666667,0.055555556,0,0.222222222,10.48333333,8.494444444,582.65,479.2333333,429.0777778,302.55,375.4888889,236.4055556
52,Team Vitality,VIT Minitroupax,10,8,BOTCARRY,2283.222222,3.166666667,1.555555556,3.055555556,4,318140.8889,63882.66667,238404.9444,15852.83333,23060.44444,4765.722222,17452.55556,841.5,3362.555556,2.944444444,10015.33333,25069.22222,8114.222222,64.44444444,27.38888889,12241.33333,5545.888889,6431.777778,263.1666667,17107.72222,16208.88889,2.388888889,0.611111111,375.4444444,43.77777778,22.33333333,7.388888889,1019.666667,16.22222222,3.166666667,0,15.33333333,21.94444444,0.166666667,0.222222222,0.111111111,0.166666667,0.055555556,10.80555556,9.294444444,429.8944444,328.8611111,424.5277778,306.8055556,233.25,153.8944444
53,Unicorns of Love,UOL Exileh,6,12,MID,2333.722222,3.166666667,2.833333333,4.166666667,2.588235294,338974.2778,262654.9444,16249.88889,60068.61111,23882.66667,22126.5,868.2777778,887.3888889,6256,1.333333333,19797.44444,11085.66667,3562.5,39.38888889,20.05555556,22189.27778,10660.94444,10860.88889,666.7777778,15858.55556,14950.16667,1.166666667,0.166666667,346.0555556,27.66666667,20.66666667,4.944444444,445.1666667,17,5.555555556,0,21.66666667,8.944444444,0.166666667,0.166666667,0.111111111,0.055555556,0.222222222,10.37222222,8.072222222,557.0666667,467.1444444,399.8055556,285.4611111,486.95,284.9833333
54,Unicorns of Love,UOL Kold,6,12,JUNGLE,2333.722222,1.722222222,1.777777778,5.833333333,4.25,184048.3333,59404.16667,105297.8333,19345.5,8231.833333,2677.444444,4925.555556,628.1111111,15657.33333,2.055555556,31312,15632,858,106.1111111,16.44444444,33138.11111,10096.83333,22073.16667,967.3888889,12293,11195.27778,0.388888889,0.166666667,49.83333333,155.7777778,106.3333333,11.5,689.0555556,15.44444444,10.55555556,0,54.38888889,19.38888889,0.166666667,0.111111111,0.166666667,0.055555556,0.166666667,1.094444444,0.283333333,416.3111111,333.0666667,319.8611111,252.9,668.8055556,579.7111111
55,Unicorns of Love,UOL Samux,6,12,BOTCARRY,2333.722222,3,1.444444444,4.444444444,5.153846154,298105.6111,70697.72222,216882,10525.16667,23817.55556,5901.555556,16588.88889,1326.555556,3430.833333,3.222222222,13132.27778,21922.38889,6638.833333,42.61111111,9.888888889,13052.22222,5676.055556,7142.444444,232.7777778,16723.16667,15546.33333,2.333333333,0.388888889,371.7222222,31.33333333,17.72222222,5.833333333,471.4444444,16.44444444,3.833333333,0,13.16666667,13.66666667,0.055555556,0.333333333,0,0.166666667,0.166666667,10.62777778,8.983333333,484.3222222,337.7555556,413.4833333,296.4166667,252.3388889,171.6666667
56,Unicorns of Love,UOL Totoro,6,12,SUPPORT,2333.722222,0.5,2.833333333,6.888888889,2.607843137,87130.94444,9817.111111,7447.055556,69865.77778,5019.055556,3907.944444,625.7777778,484.5555556,5446.166667,4.777777778,26979.16667,2072.277778,899,109.1666667,24.94444444,19305.72222,8412.833333,10142.83333,749.2777778,9532.722222,8834.722222,0.277777778,0,60.83333333,0.222222222,0.222222222,0,329.5555556,13.72222222,18.5,0,63.72222222,17.11111111,0,0,0.388888889,0,0.222222222,1.688888889,1.422222222,257.7611111,260.1944444,225.75,161.55,357.5388889,238.4444444
57,Unicorns of Love,UOL WhiteKnight,6,12,TOP,2333.722222,1.555555556,2.444444444,3.722222222,2.159090909,199353.6111,71542.94444,120014.7778,7795.111111,14421.38889,7004.333333,6537.111111,879.4444444,5776.111111,1,37438.38889,4662.666667,1263.333333,43.44444444,40,28438.27778,10059.38889,17033,1345.111111,13908.66667,13348.55556,0.666666667,0.055555556,297.1111111,7.888888889,3.111111111,0.722222222,1244.333333,17,5.333333333,0,22.61111111,6.833333333,0,0,0.055555556,0,0.166666667,9.961111111,7.9,547.3055556,453.3111111,382.8722222,270.1555556,419.9111111,337.2666667
