,name,teamRole,wins,losses,duration,kills,deaths,assists,KDA,totalDamageDealt,magicDamageDealt,physicalDamageDealt,trueDamageDealt,totalDamageDealtToChampions,magicDamageDealtToChampions,physicalDamageDealtToChampions,trueDamageDealtToChampions,totalHeal,totalUnitsHealed,damageSelfMitigated,damageDealtToObjectives,damageDealtToTurrets,visionScore,timeCCingOthers,totalDamageTaken,magicalDamageTaken,physicalDamageTaken,trueDamageTaken,goldEarned,goldSpent,turretKills,inhibitorKills,totalMinionsKilled,neutralMinionsKilled,neutralMinionsKilledTeamJungle,neutralMinionsKilledEnemyJungle,totalTimeCrowdControlDealt,champLevel,visionWardsBoughtInGame,sightWardsBoughtInGame,wardsPlaced,wardsKilled,firstBloodKill,firstTowerKill,firstTowerAssist,firstInhibitorKill,firstInhibitorAssist,creepsPerMinDeltas.10.20,creepsPerMinDeltas.0.10,xpPerMinDeltas.10.20,xpPerMinDeltas.0.10,goldPerMinDeltas.10.20,goldPerMinDeltas.0.10,damageTakenPerMinDeltas.10.20,damageTakenPerMinDeltas.0.10
1,Alistar,SUPPORT,8,8,2249.6875,0.5,2.6875,5.9375,2.395348837,102879.625,8193.25,6293.75,88391.4375,4481.375,3586,449.125,445.4375,7212.6875,4.8125,27089.5625,1418.3125,611.5625,106.0625,26.0625,20771.5625,9138,10648,984.75,8929.625,8231.25,0.1875,0,58.25,0.5,0,0,70.0625,13.6875,21.875,0,68.375,14.1875,0.0625,0,0.3125,0,0.4375,2.0125,1.49375,268.3,273.2375,219.29375,163.35625,389.65625,260.91875
2,Anivia,MID,1,4,2473.4,2.4,2.2,4,2.909090909,391523,230269.4,12441.4,148811.4,26882.4,25701.4,772.2,408,11104,1,11907.4,14943.2,1920.6,40.2,44,23074.8,13515.2,8639,920.2,15301.4,14151,0.6,0.2,328,31,25.2,3.2,4057.4,17,7,0,17.6,6.2,0.2,0,0,0,0.2,10.54,8.58,553.92,500.42,388.1,302.72,390.58,172.94
3,Ashe,BOTCARRY,1,2,2369,2,1.666666667,5.333333333,4.4,294455.6667,6605.333333,275448,12401.66667,31500,3539.333333,27561,399,7525.666667,3,12414.66667,21490,5145,55.33333333,68.66666667,17745.33333,9048,8122,574.3333333,16702.33333,15733.33333,2.333333333,0.666666667,363.3333333,40,25,4.333333333,4198.666667,17,3.333333333,0,12.33333333,16,0,0,0,0,0,10.16666667,8.9,431.2,324.3,403.7333333,278.9666667,226.7,176.7333333
4,Aurelion Sol,MID,2,0,2204.5,5.5,1.5,10,10.33333333,322557.5,234712.5,10674.5,77170.5,23601,22344,1116.5,140,4122.5,1.5,7452.5,14027,3327,41,23.5,17402,9828.5,7260,313,16310.5,15062.5,1,0,325,25,18.5,4.5,452,18,5,0,19,9,0,0,0,0,0.5,10.05,7.95,534.45,440.2,412.7,271.65,489.25,319.15
5,Azir,MID,23,31,2344.240741,2.685185185,2.055555556,3.333333333,2.927927928,286828.7222,269628.0185,11698.14815,5501.685185,25117.55556,24053.25926,670.8148148,392.9259259,2111.351852,1.407407407,9747.592593,16704.85185,4522.62963,43.83333333,10.25925926,15620.87037,7948.018519,7376.796296,295.3703704,15996.38889,14816.57407,1.37037037,0.425925926,356.0185185,35.57407407,27.7037037,4.444444444,307.7592593,17.33333333,6.351851852,0,18.37037037,13.07407407,0.055555556,0.074074074,0.074074074,0.12962963,0.222222222,10.58518519,8.827777778,564.6388889,479.3925926,402.4018519,291.8111111,316.9185185,182.8185185
6,Brand,SUPPORT,0,1,2179,1,6,6,1.166666667,65019,57880,6519,619,28401,27804,301,296,889,1,5809,15883,2084,74,8,14671,5436,8832,402,8862,8185,1,0,30,0,0,0,23,13,12,0,42,10,0,0,1,0,0,0.5,0.6,180,299.3,215.8,212.4,431.1,142.5
7,Braum,SUPPORT,32,35,2285.029851,0.373134328,2.328358209,7.014925373,3.173076923,110537.0299,9233.61194,8568.283582,92734.14925,5026.149254,4221.268657,514.4029851,289.8358209,3733.641791,4.597014925,21329.9403,2018.313433,672.1641791,96.07462687,28.14925373,17593.83582,7989.552239,8703.522388,899.880597,9562.089552,8735.447761,0.298507463,0.059701493,76.52238806,0.417910448,0.119402985,0,511.761194,13.91044776,20.13432836,0,62.76119403,13.11940299,0.029850746,0.029850746,0.208955224,0.029850746,0.28358209,2.282089552,1.629850746,279.6776119,264.4462687,228.4507463,160.838806,328.038806,223.4746269
8,Caitlyn,BOTCARRY,21,20,2130.853659,2.926829268,1.12195122,3.512195122,5.739130435,296447.6585,59314.2439,230527.4146,6605.463415,23125.56098,4266.878049,17955.29268,902.7560976,3336.878049,2.902439024,9210.292683,19286.56098,8228.487805,49.2195122,22.73170732,9787.97561,4668.170732,4875.707317,243.4146341,15778.07317,14340.85366,2.707317073,0.341463415,357.6341463,29.02439024,18.3902439,4.609756098,274.5609756,16.07317073,5.048780488,0,15.43902439,16.26829268,0.048780488,0.317073171,0.12195122,0.146341463,0.195121951,10.87560976,9.312195122,442.8219512,330.8780488,422.3170732,308.4829268,178.8609756,168.9707317
9,Camille,JUNGLE,0,2,2571,2,4,4,1.5,196048,10628,145091,40328.5,9291,934.5,6027.5,2328,17746,1,26185.5,19909,830.5,132.5,11,37622,12994.5,24215.5,411,12795.5,12670.5,0.5,0,41.5,173,119,11.5,664.5,17,16.5,0,73,27,0,0.5,0,0,0,0.65,0.2,435.1,297.65,347.25,227.7,834.7,603.75
10,Camille,TOP,18,8,2099.538462,2.961538462,1.923076923,3.961538462,3.6,218036.4231,966,184245.0769,32824.19231,15933.5,938.9615385,10684,4309.576923,3446.538462,1,22922.11538,10763.19231,6159.538462,42.03846154,19.03846154,23889.26923,8085.692308,14686.53846,1116.5,14550.11538,13436.84615,1.846153846,0.576923077,306.0384615,21.23076923,9.615384615,5.230769231,329.6923077,17.11538462,5.307692308,0,19.46153846,7.615384615,0.115384615,0.115384615,0.076923077,0.153846154,0.153846154,9.523076923,8.084615385,532.2,454.8076923,394.5730769,278.1,452.6576923,358.55
11,Cassiopeia,MID,4,5,2210.666667,3.444444444,2,3.333333333,3.388888889,217650,202872,13082.77778,1694.777778,18168.88889,17676.33333,309.1111111,182.7777778,9321.777778,1.444444444,10800.33333,15370.77778,2292.444444,40.77777778,23.44444444,17873.88889,7844.666667,9635.111111,393.5555556,14554.77778,13597.22222,0.444444444,0.111111111,310.1111111,31.22222222,23.22222222,2.777777778,4513.888889,17.11111111,7.888888889,0,20.33333333,8.555555556,0.111111111,0.111111111,0,0,0.111111111,9.733333333,9.322222222,558.2,476.6,409.3111111,303.8111111,373.3888889,184.0333333
12,Cho'Gath,TOP,11,16,2257.888889,1.925925926,3.037037037,3.444444444,1.768292683,191369.4074,120636,40793.40741,29938.92593,12750.25926,8040.037037,1620.740741,3088.62963,9180.703704,1,49697.40741,6650.074074,2194.888889,42.14814815,76.03703704,39914.33333,15596.59259,22591.81481,1725.111111,13482.33333,13059.81481,0.740740741,0.074074074,292.4444444,10.07407407,3.074074074,0.333333333,1373.851852,16.96296296,6.851851852,0,22.33333333,7.037037037,0.074074074,0,0.111111111,0.037037037,0.296296296,9.4,8.47037037,518.8074074,459.2148148,367.4037037,281.0851852,685.8555556,441.9148148
13,Corki,MID,9,8,2527.529412,3.411764706,2.294117647,3.823529412,3.153846154,392636.2353,317766.5294,43037.11765,31831.76471,33958.82353,30054.05882,3140.411765,763.6470588,6345.647059,1,11121.58824,18040.88235,7417.529412,48.17647059,2.470588235,22023.76471,11987.64706,9493.882353,541.7058824,18688.76471,16742.70588,2.470588235,0.294117647,413.1176471,44.35294118,33.70588235,7.235294118,234.1764706,17.82352941,4.823529412,0,18.41176471,13.88235294,0.117647059,0.058823529,0.117647059,0.176470588,0.235294118,11.1,9.041176471,583.6117647,486.2647059,434.0529412,305.5529412,394.2823529,297.8823529
14,Ekko,MID,1,1,2007.5,1.5,2.5,4.5,2.4,205942,180235.5,25343,362.5,13368,11350.5,1831.5,185.5,6045,1,18205.5,2849.5,2849.5,55,13.5,25190,12973.5,11717,498,13281.5,13062.5,1,0,278,26.5,20.5,4.5,354.5,17.5,3.5,0,35,4.5,0,0,0,0,0,9.25,7.85,520.8,489.05,368.25,272.45,841.35,461.5
15,Evelynn,JUNGLE,0,2,1932.5,1,1,1.5,2.5,148362.5,121345.5,15897.5,11118.5,7163.5,6949.5,184,29.5,7482,1,8849.5,4776,76,74,4.5,16110.5,3743.5,12326.5,40.5,10240,9950,0,0,18,143.5,106.5,4,407.5,14,6,0,42,7.5,0,0,0,0,0,0.8,0.25,383.55,351.1,307.7,265.45,378.45,530.25
16,Ezreal,BOTCARRY,15,19,2250.088235,2.470588235,1.382352941,4.5,5.042553191,256987.0294,37463.70588,212025.1176,7497.264706,26722.44118,6202.441176,19290.88235,1228.470588,2572,3.147058824,9783.764706,14050.41176,5678.058824,49.02941176,12.11764706,12873.94118,5939.588235,6610.558824,323.0588235,16212.73529,14441.35294,1.970588235,0.294117647,355.8823529,23.05882353,16.17647059,3.411764706,797.7647059,15.91176471,4.970588235,0,18.73529412,14.35294118,0.058823529,0.117647059,0.058823529,0.147058824,0.205882353,10.77647059,9.014705882,449.4352941,325.6058824,422.8205882,309.2764706,225.0382353,176.8588235
17,Fiora,TOP,1,1,2043,1.5,4,4.5,1.5,212459,2625.5,203726.5,6106,16524.5,1010.5,10747,4766,7020.5,3.5,26666.5,3766,3230.5,30,5,29723,7868.5,18606,3247,14078.5,12733,1,0,308.5,16,9.5,0,107.5,16.5,3,0,20,3.5,0,0,0,0,0,9.35,6.95,555.1,423.45,407.25,255.35,615.4,523.8
18,Galio,MID,8,7,2263.466667,2.933333333,2.2,5,3.606060606,263743.2,213311.4,7913.2,42517.46667,15818.66667,15388.8,131.3333333,298.0666667,3866,1.6,37316,5082.266667,2198.533333,36,23.86666667,20663.53333,6114.333333,13566.86667,981.4,14708.8,13918.33333,0.466666667,0.066666667,314.7333333,18.46666667,15.26666667,2.533333333,201.6666667,17.2,6.933333333,0,21.06666667,6.4,0.333333333,0,0,0,0.333333333,10.32666667,8.146666667,560.0266667,474.56,388.4466667,293.9933333,373.0466667,329.1933333
19,Gangplank,TOP,15,14,2369.448276,2.517241379,1.827586207,5.793103448,4.547169811,441671.8621,15194.27586,388914.4483,37562.10345,23436.55172,5994.241379,15256.17241,2185.241379,7169.482759,1.620689655,18081.72414,11228.10345,4362.241379,48.24137931,16.37931034,23680.27586,9165.965517,13780.2069,733.3793103,18547.13793,17787.31034,1.448275862,0.379310345,362.5517241,16.17241379,9.275862069,1.172413793,940.1724138,17.31034483,4.275862069,0,25.10344828,5.068965517,0.034482759,0.068965517,0.068965517,0.068965517,0.172413793,10.08965517,7.589655172,550.4827586,445.9758621,455.9206897,308.7103448,464.4448276,354.5413793
20,Gnar,TOP,10,25,2336.485714,1.6,2.257142857,3.342857143,2.189873418,237361.5429,23244.68571,209080.0286,5036.028571,15643.48571,2859.142857,12581.77143,201.9142857,2699.057143,0.971428571,24275.4,7015.742857,2888.257143,47.31428571,28.8,25639.8,10202.2,14407.25714,1029.628571,14866.51429,14087.14286,1.085714286,0.228571429,337.6857143,16.88571429,8.171428571,2.314285714,1331.771429,17.42857143,5.028571429,0,22.91428571,8.685714286,0.057142857,0.085714286,0,0.114285714,0.142857143,10.34571429,8.548571429,557.9314286,467.3114286,398.1428571,277.2914286,428.3,304.36
21,Gragas,JUNGLE,1,2,2137,0.666666667,2.666666667,3.333333333,1.5,123848.3333,85203.66667,21106.33333,17537.33333,4638,4215.666667,377.3333333,44.33333333,13442.66667,1,24044,13780,286.6666667,115.6666667,17.66666667,32023.66667,7193.666667,23760,1069.333333,9889,9133.333333,0,0,39.33333333,112.6666667,80.33333333,9,649.3333333,14,10.33333333,0,60.33333333,24.33333333,0,0,0.333333333,0,0,1.1,0.4,388.4333333,314.8666667,279.7666667,254.4666667,637.5333333,659.4333333
22,Illaoi,TOP,1,0,4089,2,8,4,0.75,514392,15194,498623,574,33724,1065,32175,484,29557,1,120462,6683,3032,145,8,77442,25994,33847,17600,24600,25010,0,0,497,0,0,0,163,18,5,0,89,14,0,0,0,0,0,8.8,8.2,440.4,481.7,346,265.1,628.9,234.5
23,Ivern,JUNGLE,3,0,2826,0.666666667,0.666666667,8.333333333,13.5,397223.6667,9504.333333,5761.666667,381957,5698.333333,2446.666667,1130,2120.666667,11224,8,12831.66667,8886.666667,2177.666667,86,31.66666667,10020.66667,4015.333333,5642.333333,362.3333333,13626.66667,12075,1,0.333333333,25.33333333,126.6666667,105,3,107.6666667,16,11,0,57,13.33333333,0,0,0.666666667,0,0,0.4,0.3,407.2666667,307.5,270.8333333,247.9666667,72.83333333,57.66666667
24,Janna,SUPPORT,7,6,2148.692308,0.230769231,1.230769231,5.230769231,4.4375,19390.30769,15121.53846,3679.230769,588.6923077,4760.076923,4185.769231,323.0769231,250.6923077,5850.153846,8.769230769,3657.076923,1822.692308,1111.615385,81.69230769,28.38461538,6510.846154,3346,2947.846154,216.3846154,8479.307692,7539.230769,0.615384615,0,19.76923077,0,0,0,145,13.69230769,20,0,54.46153846,12.30769231,0,0.076923077,0.384615385,0,0.384615385,0.515384615,0.223076923,305.2769231,270.6153846,215.7076923,155.7,140.6384615,129.5923077
25,Jarvan IV,JUNGLE,21,11,2281.5625,1.15625,1.90625,8.03125,4.819672131,147840.5625,41909.03125,89517.6875,16412.84375,6185.1875,904.71875,4904.09375,375.84375,8966.6875,1,36959.40625,14669.4375,1201.71875,133.125,11.6875,31720.875,10537,20489.28125,693.75,11942.25,10920.15625,0.28125,0.0625,40.21875,140.4375,94.9375,10.0625,654.9375,15.40625,11.3125,0,72.125,21.71875,0.1875,0.03125,0.25,0.0625,0.4375,1.04375,0.38125,392.375,331.671875,311.440625,262.025,628.29375,562.228125
26,Jax,JUNGLE,3,6,2262,1.111111111,1.444444444,3.333333333,3.076923077,186483.4444,67093.88889,102218,17170.66667,5970.444444,1671.444444,3653.666667,644.3333333,10627.55556,1,20933.44444,18218.33333,1860.444444,119.6666667,9,27134.33333,10157.66667,16422.22222,553.7777778,12190.33333,11593.66667,1.111111111,0.111111111,58.44444444,164.8888889,109.6666667,8.777777778,803.4444444,15.88888889,13.88888889,0,55.66666667,26,0,0.111111111,0.111111111,0,0.111111111,0.966666667,0.333333333,415.8222222,346.5111111,316.7333333,259.4888889,631.7,533.4111111
27,Jax,TOP,1,1,1837,2,1,0.5,2.5,185927.5,26887.5,157804.5,1234.5,12756.5,3351,9398.5,7,2599.5,1,13883.5,11709,4782,34.5,13.5,21470,8807.5,11500.5,1161,12431.5,11645.5,0.5,0.5,263,30,17.5,2,76,16.5,6.5,0,19.5,3.5,0,0,0,0.5,0.5,9.9,7.8,549.5,451.3,429.1,293.4,545.6,359.55
28,Jayce,TOP,1,2,2146.666667,1.333333333,3.333333333,5,1.9,223760.3333,28741.66667,186087.6667,8930.333333,17531,3840.333333,13690,0,2199.666667,1,14411.66667,5349.666667,3761.666667,76.33333333,8,17622.66667,7011,10201.66667,409.6666667,13711.33333,12975,1.666666667,0,336.6666667,21,15,2.666666667,313.3333333,17.33333333,5.666666667,0,45.33333333,10.66666667,0,0,0,0,0.333333333,9.766666667,9.266666667,533.9333333,459.7333333,363.6333333,309.7666667,318.8,209.0333333
29,Jhin,BOTCARRY,4,5,2035.888889,3.333333333,1.555555556,4,4.714285714,248585.1111,24802.22222,220886.2222,2895.888889,18606.44444,1956.111111,16274.88889,374.8888889,2166.111111,2.444444444,5190,16059.11111,5090.666667,29.33333333,16.88888889,10538.33333,4311.222222,5948.555556,278.1111111,14209.11111,13272.22222,1.555555556,0.222222222,312.5555556,19.66666667,13.22222222,2.111111111,293.6666667,15.44444444,5.666666667,0,13.77777778,8.222222222,0,0,0.111111111,0.222222222,0.111111111,10.73333333,8.511111111,438.3555556,327.7555556,394.6222222,280.8222222,204.4888889,171.9555556
30,Jinx,BOTCARRY,3,4,2307.285714,3.714285714,1.714285714,3.428571429,4.166666667,336462.1429,12722.57143,318528,5210.714286,32005.57143,1791.285714,28349.57143,1864,4334.285714,2.857142857,10500.85714,22118.42857,5320.428571,58.14285714,20.14285714,15148.85714,7711.714286,7045.571429,391,17365.28571,16947.14286,1.857142857,0.428571429,387.4285714,47.71428571,33,6.857142857,471,16.28571429,4,0,14.42857143,22.71428571,0,0.142857143,0,0,0.285714286,10.82857143,9.514285714,449.5285714,327.8571429,420.3142857,297.4,274.4,220.5857143
31,Kalista,BOTCARRY,2,7,2166.444444,2.777777778,3.111111111,3,1.857142857,224057.3333,2502.555556,206079.8889,15473.77778,15271.77778,816.8888889,13881.33333,572.6666667,2544,2.888888889,13403.55556,11755.11111,4057.444444,47.11111111,16.33333333,12693.22222,4798.666667,7596.222222,297.7777778,14912.44444,14063.88889,1.333333333,0.111111111,339.1111111,29.11111111,15.55555556,1.888888889,1071.666667,15.44444444,3.888888889,0,15.88888889,13.88888889,0.444444444,0.555555556,0,0,0.222222222,10.04444444,9.211111111,406.6666667,319.1888889,403.6666667,312.4333333,244.6666667,157.0555556
32,Karma,MID,1,1,2304,0.5,2.5,8.5,3.6,366206,197315,17521,151370,17305,15750,859.5,695,2939,3,21444.5,5424,2750.5,35.5,19.5,14986,7531,6473.5,980.5,13536.5,12255,0.5,0.5,291.5,28,26,2,863,17,6.5,0,19,5.5,0,0,0,0.5,0,9.55,8.9,530.35,481,346.15,289.5,376.15,273.7
33,Karma,SUPPORT,1,3,2211.5,1.75,2.5,6,3.1,26460.5,20299,5070.75,1089.75,8659.75,7028,779,851.5,3020.25,2.75,6902.5,3136.5,1324.5,75.75,13.5,9777.75,4846,4493.75,437.25,8584.75,7906.25,0,0.5,14.5,0,0,0,202.5,13.75,21,0,50.5,10,0.25,0,0.5,0.25,0,0.4,0.3,317.925,242.325,217.2,171.375,179.65,153.125
34,Kassadin,MID,5,4,2140.444444,3.888888889,1.555555556,4.555555556,5.428571429,221814.2222,164614,35674.55556,21525.11111,20047.11111,18564.22222,1058.666667,423.5555556,5412.222222,1,17747.88889,5707.111111,3777.111111,42,18.44444444,21174.44444,8000.222222,12121.33333,1051.777778,14747.55556,13757.77778,1,0.222222222,317.8888889,18.11111111,15.44444444,1.222222222,262.8888889,16.55555556,5.222222222,0,18.44444444,9.888888889,0.111111111,0,0,0,0.444444444,10.07777778,8.544444444,530.7777778,470.7333333,399.4,291.5777778,528.0333333,291.7666667
35,Kayn,JUNGLE,0,1,2155,2,1,2,4,187414,6401,168139,12872,11768,67,11432,268,16682,1,19273,970,131,123,15,27198,9837,17336,25,11286,10925,0,0,58,138,106,4,470,15,8,0,62,24,0,0,0,0,0,1,1,524.1,358,386.2,235.6,675.2,534.5
36,Kha'Zix,JUNGLE,14,6,2233.45,2.05,1.6,4.85,4.3125,186030.8,7391.45,163123.1,15515.6,10692.8,640.45,9520.75,530.85,15754.3,1,15938.55,18858.95,1682.9,102.3,8.9,28541.4,8043.7,20170.05,327.15,12433.4,11229.25,0.8,0.2,38.05,165.15,110.8,12.25,567.25,15.85,10.9,0,57.1,16.95,0.25,0.05,0.05,0.05,0.4,0.79,0.295,429.205,342.365,331.44,261.685,803.105,669.495
37,Kled,TOP,0,1,2836,4,1,5,9,327018,873,315322,10821,14465,873,12980,611,7882,1,59860,12386,2208,89,15,47538,17746,29388,403,19612,19555,0,0,407,44,14,19,304,18,3,0,43,22,0,0,0,0,0,10.7,7.7,600,408.4,397.2,254.4,570.6,558.1
38,Kog'Maw,BOTCARRY,9,8,2323.529412,3.588235294,1.058823529,3.882352941,7.055555556,269581.5294,104063.2941,138685.4706,26832,24712.11765,13749.41176,9510.411765,1451.588235,4173.411765,3.352941176,13920,18288.11765,6328.352941,50.29411765,9.882352941,13615.29412,5622.411765,7748.764706,243.4705882,16607.58824,15513.52941,1.823529412,0.352941176,369.0588235,23.35294118,15.94117647,1.882352941,876.4117647,16.11764706,5.705882353,0,15.17647059,15.64705882,0,0.058823529,0.058823529,0.117647059,0.176470588,10.75294118,9.1,420.6235294,318.9176471,392.4117647,291.8529412,220.7882353,167.4470588
39,LeBlanc,MID,0,2,2745.5,5,3.5,2.5,2.142857143,253120,196617.5,44912.5,11589.5,29869.5,27808.5,1476.5,583,11028,1,12826,8827.5,2139,81,22,27459.5,14137,12530,792,17284,19572.5,1.5,1,361,17.5,16,1,116.5,17.5,9,0,41.5,8.5,0,0,0,0.5,0,9.8,7.6,545.85,471.35,395.05,262.45,492.2,240.7
40,Lee Sin,JUNGLE,0,1,2556,0,5,5,1,199375,34911,144685,19778,5917,1009,4857,51,10943,1,33226,18692,115,134,11,37828,10528,25329,1970,12746,11500,0,0,30,186,123,17,1089,17,15,0,80,24,0,0,0,0,0,0.4,0.6,377.3,326.2,284.9,245.6,673.1,645.4
41,Leona,SUPPORT,1,0,2794,2,1,12,14,128598,5993,7470,115134,6158,3844,1013,1300,5316,5,27531,2015,505,113,32,23417,10035,11365,2016,12700,11350,0,0,90,0,0,0,55,17,30,0,90,12,0,0,0,0,0,1.7,1.5,298.7,271.1,253.4,146.6,403,147.7
42,Lucian,TOP,1,0,2460,1,4,2,0.75,224655,7950,211365,5340,12312,1140,11171,0,2524,1,10171,11086,6575,55,1,15716,8245,6013,1456,15387,15175,2,2,334,18,13,0,34,18,13,0,32,10,0,0,0,1,0,10.1,8.9,511.4,475,395.5,314.8,520.2,223.3
43,Lulu,SUPPORT,3,1,2002.5,0.5,0.5,5.25,11.5,11887,7317.75,3491.75,1077,2825.5,2290.25,305.75,229,883,1.5,2369.75,2442.25,1501.25,77.25,10.5,4483.25,2850.5,1619,13.5,8494,7308.75,0.5,0,28.25,0,0,0,122,13.25,15.75,0,46,14,0.25,0,0,0,0.5,1.025,0.425,282.65,276.475,213.6,159.95,77.05,94.7
44,Malphite,TOP,1,0,2064,4,1,2,6,169911,93064,68472,8374,12571,10465,2039,66,191,1,40520,5443,2202,27,32,9726,2731,6995,0,13592,11770,1,0,286,10,4,0,1001,17,4,0,21,2,0,0,0,0,1,10.6,8.9,573.4,484.6,438.3,280.1,105.1,94.3
45,Malzahar,MID,2,1,1978,2,2.333333333,4,2.571428571,243475.3333,185813.6667,13619.66667,44041.33333,15152.66667,14638.33333,479.3333333,34.33333333,551,1,6237.666667,11030.66667,4390,33.66666667,49.66666667,7636,4422,2951,262.3333333,14055,12553.33333,1.666666667,0,301,18.66666667,13,1.666666667,423,17,6,0,16,9,0.333333333,0.333333333,0,0,0.666666667,10.76666667,7.833333333,578.0666667,492.5666667,460.3333333,306.6,222.3,186.7666667
46,Maokai,TOP,2,5,2319.857143,0.857142857,2.571428571,4.714285714,2.166666667,199629.5714,115259.8571,29249.28571,55120,15590,13914,1431,244.4285714,14819.14286,1.571428571,56270.14286,2210,1413.857143,32.85714286,69.71428571,38321.85714,14431.71429,21615.57143,2273.571429,13011.57143,12305.71429,0.857142857,0,281.2857143,0.714285714,0.714285714,0,760.1428571,16.28571429,6,0,20.28571429,3.571428571,0,0.285714286,0,0,0.285714286,9.1,8.857142857,496.5142857,471.3142857,354.9428571,296.7714286,702.8142857,474.5
47,Morgana,SUPPORT,6,4,1911.2,0.5,1.3,7.2,5.923076923,18349.5,11563,5821,964.8,5413.4,4653.1,547.2,212.6,1559.3,3.3,4070.1,2875.6,1062,80.5,43,7682,2833.8,4630.1,217.2,7971.2,7172,0.3,0,18.8,0.1,0,0.1,109,13,18.8,0,51,13.4,0.2,0.1,0.2,0,0.4,0.79,0.18,298.98,276.59,229.19,162.36,170,169.52
48,Nidalee,JUNGLE,1,0,1541,2,0,4,Inf,168312,128159,28489,11662,6631,6068,442,120,13257,5,7507,20627,5512,52,0,16645,3727,12788,130,11037,9375,0,0,18,169,102,24,294,14,6,0,33,6,0,0,1,0,1,0.8,0.2,526.5,372.1,449.9,291.9,678.9,675.1
49,Nunu,JUNGLE,1,1,3038.5,1,3,7.5,2.833333333,183570,53555.5,45510,84504.5,4574.5,3555.5,730.5,287.5,20703.5,2,52567,31105,2050.5,124.5,11,46106.5,21409.5,21658,3038.5,15053.5,13275,0,0.5,53.5,166,103.5,11,652,17,18,0,53,28,0.5,0,0.5,0,1,2,0.5,487.35,337.8,346.65,272.7,747.2,720.6
50,Olaf,JUNGLE,5,11,2152.125,2.375,1.8125,4.5625,3.827586207,164546.25,26294.4375,108297.6875,29953,8716.6875,291.875,5357,3066.4375,11974.5,1,30029,21047.5,1103.5,77.6875,12,32525.5625,11574.8125,20139.6875,810.3125,11481.75,10804.0625,0.4375,0.0625,37.375,146.875,102.8125,8.8125,869.25,15,10.8125,0,44.3125,15.8125,0.25,0.0625,0.125,0,0.25,0.875,0.375,424.09375,372.36875,330.26875,283.575,788.4,657.8125
51,Orianna,MID,5,1,2113.5,3.666666667,0.833333333,5.666666667,11.2,276960.8333,204602,20632.33333,51726,15498.16667,14926,521.5,50,920.6666667,1,8088.333333,9193,3986.166667,38.33333333,14.66666667,8476.5,4271.5,4136.833333,67.66666667,15330.16667,14096.66667,1.5,0.666666667,316.3333333,36,22.66666667,7.666666667,1142.166667,17.33333333,6.5,0,16.33333333,10.33333333,0,0.166666667,0,0.333333333,0.5,11.28333333,8.983333333,588.3666667,480.3833333,408.9833333,305.4166667,151.3,153.3
52,Ornn,SUPPORT,2,1,2650,1,2.666666667,10,4.125,118152,31538.33333,25921.66667,60691.33333,11769.33333,7956,3362,450,4697.666667,3.666666667,23874,1672.666667,442,117.3333333,50.33333333,21511,10142,10043,1324.666667,11240.33333,10133.33333,0.333333333,0,85.66666667,0,0,0,405,15.66666667,26.66666667,0,81.33333333,15,0,0,0,0,0,2.3,1.533333333,269.4,274.4666667,224,156.5666667,438.0666667,255.3
53,Ornn,TOP,17,14,2361.064516,1.35483871,2.161290323,4.806451613,2.850746269,228029.2581,73770.51613,96957.25806,57300.90323,13133.87097,8339.225806,4599.774194,194.2903226,1777.774194,0.967741935,49056.90323,3528.064516,1238.580645,39.64516129,43.93548387,24030.03226,9479.064516,13507.70968,1042.516129,13741.19355,13036.45161,0.258064516,0.096774194,298.2258065,5.870967742,3.35483871,0.516129032,1155.096774,17.03225806,4.580645161,0,22.09677419,5.870967742,0.096774194,0,0.129032258,0,0.290322581,9.361290323,8.425806452,520.6064516,467.8935484,360.2741935,280.3935484,402.2967742,354.1451613
54,Poppy,TOP,0,1,2940,3,2,2,2.5,249072,63492,181542,4036,16702,5162,11521,18,2620,1,65280,6731,1278,60,34,39584,9729,18230,11624,16336,16150,0,0,338,8,3,0,5371,18,4,0,29,11,0,0,0,0,0,11.3,7.5,621.9,457.9,431.6,247.7,464.2,417.3
55,Rakan,SUPPORT,8,13,2386.809524,0.619047619,2.904761905,7.761904762,2.885245902,17443.57143,8588.428571,7863.285714,990.8095238,5771.904762,4378.857143,994.6666667,397.6190476,5991.714286,5.380952381,19494.2381,3233.571429,1597.857143,110.1904762,23.57142857,14328.14286,6927.47619,7000.095238,399.7142857,9846.142857,9042.619048,0.428571429,0.095238095,26.23809524,0.714285714,0.095238095,0.047619048,103.9047619,14.0952381,22.76190476,0,66,18,0.047619048,0.142857143,0.380952381,0.047619048,0.238095238,0.804761905,0.323809524,278.8333333,271.5190476,244.8428571,161.1142857,218.8619048,179.1285714
56,Rengar,JUNGLE,0,3,2753.333333,1.666666667,2.666666667,3,1.75,300159.3333,27678,244524.6667,27956,9731.666667,932.6666667,7879,919.3333333,20997,1,24172.66667,32900,1990,172,6.333333333,38276,11100,26967.66667,207.6666667,16001.33333,14708.33333,1,0.333333333,68.33333333,243.3333333,144.3333333,30.33333333,692.6666667,16.33333333,9.333333333,0,81,25.33333333,0,0.333333333,0,0,0,0.866666667,0.233333333,434.1333333,372.9666667,336,271.3,787.5,579.2666667
57,Rumble,TOP,0,1,2185,1,5,4,1,323796,155985,14684,153126,16144,15332,324,486,745,1,22954,691,691,27,11,18821,6490,9657,2673,12184,11450,0,0,268,26,17,0,529,16,8,0,23,1,0,0,1,0,0,8.4,8.5,512.8,464.9,376,281.4,601,112.7
58,Ryze,MID,17,24,2294.585366,2.951219512,1.780487805,3.853658537,3.821917808,421645.4634,293990.9024,15277.39024,112376.3415,17142.34146,16281.97561,536.3658537,323.2926829,5298.536585,1.073170732,20901.95122,13997.07317,4320.829268,45.58536585,23.24390244,17324.70732,7843.926829,8914.268293,565.8536585,16495.31707,14896.58537,1.195121951,0.365853659,361.3658537,40.82926829,24.87804878,7.634146341,67.04878049,17.41463415,6.512195122,0,21.56097561,9.463414634,0.170731707,0.024390244,0.097560976,0.12195122,0.170731707,11.1195122,8.751219512,590.197561,476.9878049,429.1390244,298.6365854,348.8512195,242.7804878
59,Sejuani,JUNGLE,25,37,2350.709677,1.241935484,2.064516129,5.822580645,3.421875,155943.4032,58838.32258,82727.98387,14376.14516,7409.66129,3522.725806,3521.935484,364.4193548,9157.145161,2.322580645,39155.33871,11514.59677,765.1451613,86.56451613,24.72580645,34250.27419,12539.24194,20699.45161,1010.693548,11823.41935,11062.09677,0.387096774,0.032258065,41.83870968,142.0645161,99.01612903,8.903225806,640.7258065,15.40322581,12.90322581,0,37.72580645,19.98387097,0.225806452,0.048387097,0.14516129,0,0.209677419,1.079032258,0.269354839,411.8548387,336.4854839,317.0887097,258.3774194,638.633871,614.0112903
60,Shen,SUPPORT,1,3,2370.25,0.75,3,8.5,3.083333333,146181,4671.5,13427.5,128081.25,4388.75,1596,2479,313.5,3245.5,5,23052.25,4103.5,1323.75,124.25,21.75,16217.5,8049.5,7404,763.25,10182.5,9625,1,0,96,0.75,0.5,0,108.25,14.5,23.5,0,70.25,24.5,0.25,0.5,0,0,0.25,2.5,1.825,267.9,279.725,245.075,184.825,282.25,176.875
61,Shen,TOP,4,4,2064.25,1.625,1.875,4.375,3.2,164614.875,20446.375,136864.625,7303.25,8980.625,3540.875,5364,74.875,2495,1,38787,4312.375,2515.25,34.625,17.5,21261.75,7596,12433,1232,12786,11265,1.125,0,282.5,11.125,5.375,1.5,394,16.5,4.75,0,19.125,3,0,0,0,0,0.125,8.4125,7.1375,495.3625,439.7125,353.2,249.5125,475.5375,353.4875
62,Sion,MID,2,2,2154,1.25,1.25,9.5,8.6,163060.75,98875,61290.5,2894.25,12073,5445.75,6536.75,90,4466.5,1,48114.75,3956.5,1516,34.5,38,21921.5,11000.75,10189.75,730.25,13052,11606.25,1.75,0.25,284.75,4,4,0,1940.25,16.75,4.25,0,17.25,8.25,0,0,0.25,0,0.5,10.2,7.65,525.175,467.5,391.475,276.125,414.75,299.175
63,Sion,TOP,21,11,2229.78125,1.28125,2.125,5.875,3.367647059,231267.7813,108945.4375,62305.03125,60016.375,13465.34375,6716.03125,6630.1875,118.625,8434.59375,1,58621.34375,2549.78125,958.75,38.9375,49.28125,27636.3125,12357.1875,13836.78125,1441.4375,13372.03125,12569.21875,0.84375,0.0625,294.21875,1.875,0.59375,0.3125,2402.375,16.875,6.125,0,21.8125,5.34375,0.15625,0.03125,0.15625,0.0625,0.375,9.803125,8.146875,534.040625,466.103125,368.95625,280.746875,455.66875,303.778125
64,Sivir,BOTCARRY,7,5,2469.333333,4,1.5,4.166666667,5.444444444,406675.6667,64718.91667,335007.25,6949.25,28035.58333,3094.083333,24257.83333,683.1666667,4823.583333,3.333333333,10610.5,25293.16667,9204.5,54.75,1.666666667,12460.33333,4932.583333,6809.5,717.4166667,20088.91667,17950,2.75,0.416666667,466.3333333,33,22.58333333,1.5,182.75,17.25,2.833333333,0,13.41666667,22.91666667,0.333333333,0.333333333,0.166666667,0.083333333,0.25,11.49166667,9.116666667,450.5333333,344.2833333,427.5916667,309.1416667,198.6416667,154.3416667
65,Skarner,JUNGLE,12,10,2194.818182,0.954545455,2.090909091,6.045454545,3.347826087,146522.0455,57928.40909,76274.5,12317.95455,4678.454545,1994.318182,2004.681818,678.5454545,8274.681818,1.181818182,37719.04545,15004.40909,856.3636364,84.59090909,22.22727273,23898.54545,8287.818182,14828.81818,781.1818182,11216.5,10337.5,0.318181818,0.045454545,30.36363636,148.9090909,100.5454545,6.5,1007.318182,15.13636364,11.63636364,0,49,14.18181818,0.136363636,0.045454545,0.136363636,0,0.227272727,0.795454545,0.213636364,397.7136364,349.9954545,318.2545455,273.5045455,562.9727273,543.4181818
66,Swain,MID,4,1,2014.2,4.4,1.8,6.6,6.111111111,310986,177332.4,20532.6,113120.4,20356.8,19315,866,175.4,10042.8,1,12196.2,11111.4,4273.2,31.4,29.6,23870,12099.6,10698.2,1071.2,14034.2,12790,0.8,0,286,18.2,15.2,1.8,269,17,5.2,0,19,5.2,0,0,0.2,0,0.8,10.12,8.52,566.42,465.72,420.38,290.38,540.5,295.3
67,Swain,TOP,6,0,2158.666667,2.333333333,2.5,6.666666667,3.6,307052.1667,180390.5,22360.5,104300.5,21357.83333,19685.5,1509,162.5,12722.5,1,18404.66667,12979,3960,39.5,34.16666667,26932.33333,13444,12820,667.8333333,14478.16667,13233.33333,1.666666667,0.5,286.3333333,19.33333333,9.333333333,3.333333333,333.1666667,17,5.166666667,0,20.16666667,5.833333333,0,0.166666667,0.333333333,0.5,0.333333333,9.466666667,8.7,511.4833333,464.55,399.25,277.3,473.85,265.85
68,Syndra,MID,0,1,2391,5,3,5,3.333333333,430320,263981,12705,153632,17586,16799,370,417,634,1,5609,3706,2744,33,29,15208,8746,4585,1876,16316,15500,0,0,360,34,29,5,956,18,4,0,14,6,0,0,0,0,0,10.7,8.9,559.1,477.5,523.6,326.4,352.3,156.4
69,Tahm Kench,SUPPORT,21,23,2319.954545,0.409090909,2.659090909,5.363636364,2.170940171,101712.7727,13972.25,7792.090909,79947.25,4292.977273,3745.886364,365.8181818,180.5681818,5760.75,4.022727273,27225.79545,2149.840909,773.8636364,90.47727273,11.43181818,19539.97727,9344.886364,9304.25,890.1136364,9953.863636,9072.159091,0.272727273,0.045454545,77.52272727,0.5,0.090909091,0.045454545,120.5909091,14.22727273,19.11363636,0,59.54545455,9.659090909,0,0,0.25,0.022727273,0.272727273,2.5,1.815909091,300.8227273,273.6227273,243.5045455,159.6477273,401.3568182,245.5
70,Taliyah,MID,9,7,2030.6875,2.25,2.6875,4.3125,2.441860465,338395.6875,189849.5625,8526.8125,140018.6875,19013.1875,18362.5,456.5625,193.5,1540.1875,1.5625,6050.3125,8939.8125,2121.1875,41.875,14.9375,12164.875,6691,5072.8125,400.5,13065.9375,11856.875,0.6875,0.125,272.0625,29.75,21.25,3.9375,658.3125,16.0625,7.25,0,21.25,6.25,0,0.125,0.0625,0,0.375,10,8.275,540.04375,458.0125,401.03125,289.51875,338.74375,211.9625
71,Taric,SUPPORT,9,9,2223.888889,0.444444444,1.5,6.944444444,4.925925926,101004.0556,13215.5,10581.77778,77205.66667,2976.444444,1873.388889,590.9444444,511.5555556,11883.44444,5.388888889,14819.66667,3560.777778,1587.666667,85.22222222,14.72222222,13620.66667,5965.333333,7160.777778,493.7222222,9184.888889,8212.5,0.611111111,0.055555556,70.44444444,0.611111111,0.333333333,0,63.22222222,13.83333333,17.38888889,0,52.61111111,14.22222222,0,0.055555556,0.222222222,0.055555556,0.388888889,2.333333333,1.527777778,282.4166667,274.8944444,227.3944444,161.95,217.45,227.3555556
72,Thresh,SUPPORT,11,6,2151.294118,0.470588235,2.058823529,8.117647059,4.171428571,68809.17647,11561.94118,7495.352941,49751.11765,3836.764706,2846.176471,485.1176471,504.5882353,1229.352941,2.882352941,10803.64706,2373.294118,988.9411765,92.29411765,19.23529412,12239.47059,6006.529412,5832.117647,400.1176471,8883.235294,8163.529412,0.411764706,0,44.47058824,0.235294118,0,0,78.76470588,13.70588235,18.35294118,0,58.70588235,11.70588235,0.058823529,0,0.294117647,0,0.470588235,1.423529412,1.158823529,272.8352941,274,223.4705882,166.5470588,270.1941176,199.8058824
73,Tristana,BOTCARRY,30,20,2263.52,3.64,1.14,4.2,6.877192982,327518.56,112964.32,199661.52,14892.02,25546.2,6711.84,17574.24,1259.54,4281,3.26,11037.36,23744.14,10347.68,54.56,5.4,12116.44,5219.58,6553.3,342.68,17275.64,15505.2,3.36,0.6,386.74,33.18,19.42,5.58,269.76,16.62,3.84,0,15.02,19.64,0.08,0.26,0.06,0.24,0.22,11.074,8.7,469.112,326.838,423.146,287.308,258.288,193.672
74,Trundle,JUNGLE,5,5,1964.7,1.6,2,7.1,4.35,118619.1,30225.8,78481.7,9910.6,5779.1,2238.9,2884.3,655.2,17995.4,1,26336.4,15636.1,2163.4,48.3,23.3,30433.1,8684.1,20720.9,1026.8,9933.1,9152.5,0.5,0,28.4,116,83.6,6,672.3,14,9.3,0,20.1,15.3,0.3,0,0.4,0,0.4,0.8,0.39,373.31,348.03,299.74,264.12,866.39,754.61
75,Trundle,SUPPORT,1,0,2367,0,1,10,10,126249,1188,12178,112881,2269,1188,351,729,8990,5,15650,1114,198,130,38,15624,6034,8388,1202,10778,9400,1,0,83,4,0,0,338,16,24,0,76,26,0,0,0,0,1,2.2,1.6,233.8,266.5,203.6,147.8,99.4,362
76,Trundle,TOP,1,1,2149,0,3,3,1,270718.5,2375.5,153156,115186,6678.5,2359,4295,23.5,11842.5,1,37991.5,4923.5,3338.5,53,33,32879,14021,18445,413,12351.5,11337.5,1.5,0,292.5,4.5,4.5,0,387.5,16,6.5,0,21,9,0,0.5,0,0,0,10.65,8.7,526.5,450.15,393.05,275.1,908.75,410.65
77,Twisted Fate,MID,1,0,2042,3,0,3,Inf,382709,214220,17498,150992,11519,10915,604,0,2420,1,4093,9934,7857,31,12,5932,1557,4255,120,15322,14800,1,0,334,12,12,0,305,18,6,0,11,7,1,0,0,0,1,10.1,9.6,530,500.3,438.1,369,135.5,123.7
78,Twitch,BOTCARRY,1,1,1904,5,3,5,3.333333333,189552.5,28402,150284,10865.5,18787.5,2469,14347.5,1970,2219.5,3.5,7495,4774,4774,41,10.5,12950.5,5482,7045,422.5,13612,12540,2,0,280,24.5,21.5,0,853.5,15,4,0,14.5,11.5,0,0,0.5,0,0,11,6.55,441.25,287.8,387.2,251.05,217.85,183.2
79,Varus,BOTCARRY,9,10,2474.210526,2.421052632,1.894736842,5.157894737,4,282053.2105,62071.84211,214231.6316,5749,19727.36842,5869.052632,13494.73684,363.0526316,3751.842105,3.473684211,13672.84211,20979.73684,6764.789474,57.15789474,31.73684211,12320.31579,4881.684211,7150.684211,287.4210526,17469.68421,17009.73684,1.947368421,0.473684211,390.1052632,26.94736842,16.15789474,3.368421053,689.8947368,16.36842105,3.368421053,0,14.52631579,20.47368421,0.052631579,0.105263158,0.157894737,0.210526316,0,10.77894737,8.815789474,415.3368421,314.5,420.5631579,288.5842105,242.2473684,187.0684211
80,Vayne,BOTCARRY,1,0,2627,4,1,8,12,376086,128773,223511,23800,30969,5887,17487,7595,7126,4,17862,35754,9003,48,12,13079,5752,6007,1319,20212,19675,4,0,419,48,40,4,364,18,5,0,13,14,0,0,0,0,1,10.2,7.8,475.9,302.3,383,271.4,108.4,154.5
81,Veigar,MID,4,2,2304.333333,4.166666667,0.833333333,4.833333333,10.8,389680.1667,249537.5,13028.66667,127113,19808.5,18999.16667,535.1666667,273.8333333,4299,1,11386.66667,11288,3653.166667,36.66666667,26.33333333,16972.16667,9769.666667,6983.5,218.3333333,15938.66667,14212.5,0.833333333,0.166666667,328,29.33333333,23,4.166666667,156.8333333,17.5,6.5,0,18.83333333,7.5,0.166666667,0.166666667,0,0,0.5,10.36666667,8.483333333,558.3333333,478.5333333,427.5166667,292.7166667,427.7833333,266.9666667
82,Viktor,MID,2,1,2450.333333,3,0.333333333,1.666666667,14,303169.3333,268239.6667,17706.33333,17222,26961.66667,25749,787,425,6023.333333,1.666666667,21310.33333,10061,2839.333333,37.33333333,12.33333333,13024.66667,5073.333333,6875,1075.666667,16255,15366.66667,0.333333333,0.333333333,383.3333333,22.33333333,19,1.666666667,173.3333333,17.66666667,3.333333333,0,14.66666667,10,0,0,0,0.333333333,0,11.13333333,8.633333333,570.2666667,479.9666667,378.3666667,293.5666667,198.1,202.5333333
83,Vladimir,MID,0,3,1778.333333,0.666666667,3,1,0.555555556,280412.6667,119865,16809.66667,143738,12798,12044.33333,617.3333333,135.6666667,15607.66667,1,10189.33333,922.3333333,755.6666667,22.33333333,3.666666667,22689.33333,12587.33333,9853,248,10411.33333,9368.333333,0.333333333,0,256,5.333333333,3.666666667,0.666666667,88,14.66666667,4,0,12,4.666666667,0,0,0,0,0,9.3,9.333333333,521.5,478.2666667,354.1,293.6666667,741.0333333,487.2333333
84,Vladimir,TOP,4,10,2167.785714,2.071428571,2.785714286,3.357142857,1.948717949,277895.4286,189633.7857,20236.5,68024.21429,18803.64286,17513.21429,888.8571429,401,26395.92857,1,13129.21429,5343.928571,1773.928571,35.35714286,3.285714286,26584.28571,10449.28571,14966.14286,1168.285714,14003.5,13418.57143,0.5,0,305.4285714,14.07142857,8.142857143,0.642857143,119.0714286,17.14285714,3.928571429,0,19.28571429,5.285714286,0.142857143,0.071428571,0.071428571,0,0.214285714,9.75,8.307142857,525.85,453.7142857,395.8142857,285.7785714,585.7785714,354.2785714
85,Xayah,BOTCARRY,11,14,2345.16,3.52,1.84,4,4.086956522,317125.52,38829.8,273070.2,5224.64,23703.08,2189.88,21015.16,497.36,4078.32,3.36,9284.92,21838.16,7835.84,54.2,12.56,12510.84,5652.68,6480.76,376.64,17284.16,16063.72,2.68,0.48,388.84,32.6,17.56,5.16,202.28,16.52,5.88,0,16.48,16.48,0.04,0.24,0.08,0.16,0.24,10.976,8.88,460.104,331.696,422.792,288.664,187.24,178.484
86,Zac,JUNGLE,24,17,2221.487805,0.780487805,1.43902439,6.731707317,5.220338983,136371.8293,94697.21951,28498.34146,13175.43902,5679.536585,4778.487805,480.8780488,419.3170732,29043.60976,2.707317073,33009.39024,10695.73171,720.0243902,90.56097561,23.6097561,37504,11374.90244,23286.92683,2841.170732,11070.31707,10317.68293,0.414634146,0.048780488,36.2195122,129.3170732,94.82926829,8.073170732,712.5609756,15.12195122,13.07317073,0,41.73170732,21.34146341,0.146341463,0.024390244,0.048780488,0.024390244,0.43902439,0.997560976,0.356097561,391.8536585,347.795122,297.6536585,257.1536585,781.997561,765.0878049
87,Ziggs,BOTCARRY,1,0,2385,5,1,3,8,528963,318192,22004,188768,27754,26030,624,1100,2092,1,5095,68125,45852,56,10,12593,6719,5873,0,20441,19300,7,3,403,37,12,21,784,18,2,0,12,10,1,1,0,0,0,13.5,9.7,491.8,345.1,492.6,426.2,129.4,145.5
88,Zilean,SUPPORT,4,2,2524.5,0.5,2.333333333,7,3.214285714,25381.33333,20987.33333,3089.333333,1303.5,7394.833333,6540.666667,553.1666667,300.1666667,5395.333333,2.833333333,5817.333333,2502.166667,1081.666667,107.3333333,16.66666667,10905.66667,5493.666667,5038,373,10649.5,9690.833333,0.666666667,0,40.66666667,0.833333333,0.166666667,0.666666667,87.5,15.33333333,22.66666667,0,65.33333333,18.16666667,0,0,0.333333333,0,0.5,0.95,0.65,300.2166667,290.8166667,223.4833333,164.8333333,241.1333333,142.7833333
89,Zoe,MID,15,9,2222.458333,3.458333333,1.333333333,3.958333333,5.5625,360888.5,240917.125,17846.625,102123.9167,24836.91667,21423.54167,1071.625,2340.625,2908.458333,3.208333333,6080.458333,9949.291667,4721.666667,37.25,40.16666667,13706.33333,7468.333333,5801.708333,435.5416667,14968.95833,13543.75,1.541666667,0.291666667,306.75,27.5,19.58333333,4.041666667,182.5416667,17.04166667,4.666666667,0,17.83333333,8.75,0.125,0.125,0.083333333,0.166666667,0.208333333,10.3125,8.7875,549.2458333,487.075,414.8625,306.6916667,295.35,212.6916667
